Angleska vrednost;Jezik;Prevodi v preglednici;Vrstice v preglednici;KATERA LASTNOST (Domain) za kateri prevod
1-reflector;SL;1-reflektorska | 1-reflektorske;82 143;
2-reflector;SL;2-reflektorska | 2-reflektorske;83 151;
2-way;DE;2-Gang | zwei Pole;436 813 814;
2-way;HR;dvopolni | izmjenični;436 813 814;
2-way;SL;dvopolni | menjalna | menjalno;436 813 814;
4+ reflector;HR;4+ reflektorska | 4+ reflektorske;89 168;
4+ reflector;SL;4+ reflektorska | 4+ reflektorske;89 168;
Accessories;HR;Dodacima | Nastavki;396 928;
Accessories;SL;Dodatki | Nastavki;396 928;
Adaptor;DE;Adapter | Anhang;188 920;
Adaptor;HR;Adapter | Nastavak;188 920;
Adaptor;SL;Adapter | Nastavek;188 920;
Additional description;DE;Zusätzliche Beschreibung | Zusätzliches Eigenschaft;390 391;
Additional description;HR;Dodatni opis | Dodatno svojstvo;390 391;
Additional description;SL;Dodaten opis | Dodatna lastnost;390 391;
Antique;SL;(antique) | Antična | Antični;90 211 2061;
Bag;DE;Beutel | Tasche | Tüt;1612 1613 1735 2737;
Bag;HR;Torbica | torbico | vre | vrećica;1612 1613 1735 2737;
Bag;SL;Torbica | torbico | vre | vrečka;1612 1613 1735 2737;
Bathroom;DE;Badezimmer | für Badezimmer;666 667;
Bathroom;HR;Kupaonica | za kupaonico;666 667;
Bathroom;SL;Kopalnica | kopalniška;666 667;
Battery;HR;Baterija | baterija | baterijski;251 252 253 2700;
Battery;SL;Baterija | baterija | baterijski;251 252 253 2700;
Beige;HR;Beige | bež;262 277;
Beige;SL;Beige | bež;262 277;
Bulbs;DE;Birnen | Lampe;122 1934;
Bulbs;SL;Sijalke | Žarnice in sijalke;122 1934;
CCT;SL;CCT | spremenljiva (CCT) | spremenljiva (RGB+CCT) | spremenljiva (RGBW);317 2251 2252 2253;
CONE;DE;CONE | Kegel;1139 2703;
CONE;HR;CONE | konus;1139 2703;
CONE;SL;poglobljena (CONE) | stožec;1139 2703;
Cable;HR;Kabel | kabelski;591 2414 2415;
Cable;SL;Kabel | kabelska | kabelski;591 2414 2415;
Cable diameter min;SL;Premer kabla (min) | Premer kabla min;1192 1194;
Cable tie holder;SL;Nosilec vezic | Nosilec vezice;973 974;
Ceiling lights;DE;Deckenlampe | Deckenlampen | Deckenleuchte;1102 1488 1489;
Ceiling lights;HR;Stropna svjetla | Stropne lampe;1102 1488 1489;
Ceiling lights;SL;Plafonjere | Stropne luči | Stropne svetilke;1102 1488 1489;
Charging type;DE;Steckertyp | Verbindungstyp;2658 2660;
Charging type;HR;Tip spoja | Vrsta spoja;2658 2660;
Charging type;SL;Tip priključka | Vrsta priključka;2658 2660;
Children;SL;Otroška | Otroški;111 1056;
Circuit finder;SL;Iskalec vezij | Iskalnik varovalk;2398 2399;
Colour;SL;Barva | Barva (nesklanjano) | Barva (za v naziv);225 227 228;
Colour temperature;SL;Barva svetlobe | Temperatura svetlobe;236 1564;
Communication socket holder;SL;Nosilec komun. vtičnice | Nosilec komunikacijske vtičnice;968 2173;
Connector;DE;Konnektor | Schelle;659 1004 1683;
Connector;HR;Konektor | Obujmica;659 1004 1683;
Connector;SL;Konektor | Objemka | Vezni element;659 1004 1683;
Corner;DE;Eck | Ecke;668 671 672;
Corner;HR;Kut | kutni;668 671 672;
Corner;SL;Kot | kotna | kotni;668 671 672;
Cover;SL;Pokrov | pokrov | vložek;1143 2377 2494;
Crystal;DE;Kristal | Kristall;108 696 699;
Crystal;HR;Kristalna | kristal;108 696 699;
Crystal;SL;Kristalna | Kristalni | kristal;108 696 699;
Dark Gray;DE;Dark Gray | dunkelgrau;350 1561;
Dark Gray;HR;Dark Gray | tamno siva;350 1561;
Dark Gray;SL;Dark Gray | temno siva;350 1561;
Detection range;SL;Domet | Domet senzorja;416 417;
Electrical cable trunking;SL;Inštalacijski kanal | Inštalacijski kanal, nadometni;546 2370;
Elegant;SL;Elegantna | Elegantni;106 444;
End cap;HR;Kapa | Završna kapa;595 2266 2267 2277;
End cap;SL;Kapa | Končna kapa | končna kapa | zaključna kapa;595 2266 2267 2277;
Endcap;SL;Končni element | Zaključni element (kapa);653 1886;
Extension;DE;Erweiterungng | tunnel;1121 1126;
Extension;HR;Rastezanje | produžljiva;1121 1126;
Extension;SL;Podaljšanje | podaljševalna;1121 1126;
Fabric;SL;blago | tkanina;279 1954;
Floor light;DE;Bodenleuchte | Stehleuchte;1475 1549;
Floor light;HR;Podna lampa | Stojeća lampa;1475 1549;
Floor light;SL;stoječa svetilka | talna Svetilka;1475 1549;
For LED profile;SL;Za LED profil | za LED profil | za LED profil (z malo začetnico v tujem jeziku);1824 1825 2044;
Frame;HR;Kućište | Okvir;1022 1030;
Frame;SL;Ohišje | Okvir;1022 1030;
Frequency;SL;Frekvenca | Frekvence;482 2412;
Garden;HR;Vrt | vrtna | vrtni;1742 1744 2722;
Garden;SL;Vrt | vrtna | vrtni;1742 1744 2722;
High-tech;SL;Visokotehnološka | Visokotehnološki;116 1723;
Hook;HR;Kuka | kvaku;629 921;
Hook;SL;Kavelj | Kljuka;629 921;
Illuminated push button with label;SL;Osvetljeno tipkalo z napisno ploščico | Tipkalo z napisno ploščico;2190 2213;
Illuminated two way switch;SL;Osvetljeno dvopolno stikalo | Osvetljeno menjalno stikalo;2169 2218;
Includes;DE;Enthaltet | inklusiv;1726 1747;
Includes;HR;Uključen | Uključuje;1726 1747;
Includes;SL;Vključuje | Vsebuje;1726 1747;
Industrial;SL;Industrijska | Industrijski;107 537;
Input current;SL;Vhodni tok | Zagonski tok;1703 1885;
Input voltage;SL;Napajalna napetost od | Vhodna napetost;904 1699;
Junction boxes;DE;Abzweigdosen | Kabelverbindungen;602 1284;
Junction boxes;HR;Kabelski spoji | Razvodne doze;602 1284;
Junction boxes;SL;Kabelski spoji | Razvodne doze;602 1284;
LED floor light;DE;LED Bodenleuchte | LED Stehleuchte;741 749;
LED floor light;HR;LED podna lampa | LED stojeća lampa;741 749;
LED floor light;SL;LED stoječa svetilka | LED talna svetilka;741 749;
Lenght;SL;Dolžina | Dolžina (za naziv);398 400;
Lifetime;HR;Rok traj. | Rok trajanja;1937 2727;
Lifetime;SL;Življ. doba | Življenjska doba;1937 2727;
Lights;SL;Luči | Svetila | svetilk;1502 1503 2492;
Load guard;DE;Strombegrenzer | load guard;2651 2681;
Load guard;HR;Limitator struje | load guard;2651 2681;
Load guard;SL;Tokovni omejilnik | load guard;2651 2681;
MAX power;SL;MAX moč | Max. moč;799 800;
Magnetic field tester;DE;Berührungsloser Magnetfeldtester | Magnetfeld-Prüfer;60 2469;
Magnetic field tester;HR;Ispitivač magnetnog polja | Tester magnetskog polja;60 2469;
Magnetic field tester;SL;Preizkuševalec magnetnega polja | Tester magnetnega polja;60 2469;
Modern and contemporary;SL;Moderna in sodobna | Moderni in sodobni;109 850;
Motion detector;DE;BewegungScrewdriveretektoren | Bewegungsmelder;1374 1375;
Motion detector;HR;Senzor pokreta | Senzori pokreta;1374 1375;
Motion detector;SL;Senzor gibanja | Senzorji gibanja;1374 1375;
Mounting plate;HR;Montažna ploćica | Montažna ploča;854 856 1970;
Mounting plate;SL;Montažna plošča | Montažna ploščica | Pregradna montažna plošča;854 856 1970;
Number of zones;SL;Število con | Število con (zone);114 1534;
Office;SL;Pisarna | pisarniška;1096 1098;
Operation;DE;Bedienung | Betrieb;362 1654;
Operation;SL;Delovanje | Upravljanje;362 1654;
Oriental;SL;Orientalna | Orientalni;110 1047;
Output voltage;SL;Izhodna napetost | Napajalna napetost do;565 903;
PE/N busbars;DE;PE/N Sammelschiene | Sammelschiene PE/N;1073 1911;
PE/N busbars;SL;PE/N zbiralk | Zbiralke PE/N;1073 1911;
PROFILE TRACK lights;HR;Šinska rasvjeta | Šinske svetiljke;1614 1616;
PROFILE TRACK lights;SL;Tračna svetila | Tračne luči;1614 1616;
Packing;DE;Packüng | Verpackung | Verpackungs-;1062 1063 2288 2374;
Packing;HR;Način pakiranja | Pakiranje | Pakirna;1062 1063 2288 2374;
Packing;SL;Enota pak.na artikel | Način pakiranja | Pakiranje | Pakirna;1062 1063 2288 2374;
Power strip;HR;Produžni kabel | Višestruka utičnica;1123 1272;
Power strip;SL;Podaljšek | Razdelilec;1123 1272;
Power supply;DE;Driver | Stromversorgung;906 909;
Power supply;SL;Napajalnik | Napajanje;906 909;
Presence;DE;Präsence | Präsenz;1227 2408;
Presence;HR;Prisutnost | prisutnosti;1227 2408;
Presence;SL;Prisotnost | prisotnosti;1227 2408;
Push button;DE;Knopft | Push Button | Taster;810 1598 2363;
Push button;HR;Push Button | Tipkalo;810 1598 2363;
Push button;SL;"<p><span style=""color: rgb(46, 48, 56);"">It is a switch with a completely classic dimming with a potentiometer or&nbsp; . Z vrtenjem stikala zmanjšujete ali povečujete električno&nbsp;energijo, kar omogoča, da svetilka sveti v polni moči ali vse do zmanjšane jakosti.</span></p> | Push Button | Tipkalo";810 1598 2363;
RGB;DE;RGB | RGB Steckerdose;1322 1325;
RGB;HR;RGB | RGB utičnica;1322 1325;
RGB;SL;RGB | RGB vtičnica;1322 1325;
Recessed distribution box;SL;Podometna doza | vgradna doza;1133 1692;
Remote control;DE;Fernbedienung | Fernsteuern;102 127 2692;
Remote control;SL;Daljinec | Daljinski upravljalnik | z daljinjskim upravljalnikom;102 127 2692;
Rustical;SL;Rustikalna | Rustikalni;113 1348;
Shade;SL;Senčilo | senčnik;1370 1371;
Stairway;SL;Stopnišče | stopniščna;1477 1478;
Suitable for;SL;Primeren za | Primerno za;9 1223;
Switch;SL;Enopolno stikalo | Stikalo;1467 2159;
TV socket;SL;TV vtičnica | Televizijska vtičnica;2160 2193;
Tensile strength;SL;Natezna trdnost | Zatezna trdnost;933 1908;
Torches;DE;Batterielampe | Batterielampen;257 258;
Torches;SL;Baterijske luči | Baterijske svetilke;257 258;
Traditional;SL;Tradicionalna | Tradicionalni;115 1620;
Transparency;SL;Prosojnost | Transparentnost;1241 1624;
Two way switch;SL;Dvopolno stikalo | Menjalno stikalo;2152 2182;
Type 2;HR;TIP2 | Tip 2;1582 1590 1737;
Type 2;SL;TIP2 | Tip 2 | Vrsta 2;1582 1590 1737;
Type 3;SL;Tip 3 | Tip3;1583 1592;
UV green;HR;UV zelena | UV zelene;1662 2005;
UV green;SL;UV zelena | UV zelene;1662 2005;
Voltage tester;DE;Spannungsprüfer | Spannungstester;61 2730;
Voltage tester;SL;Detektor napetosti | Preizkuševalec napetosti;61 2730;
Voltage-free cable finder;SL;Breznapetostni iskalec kablov | Mrežni tester;294 295;
Volume;DE;Lautstärke | Volumen;488 1243;
Volume;SL;Glasnost | Prostornina;488 1243;
Wall holder;HR;Zidni držak | Zidni držalac;969 1459;
Wall holder;SL;Nosilec stenski | Stenski nosilec;969 1459;
Wallstand for remote control;SL;Stensko stojalo za daljinec | Stensko stojalo za daljinski upravljalnik;1464 1465;
Zip tie;DE;Kabelbinder | Verbindungsband;1681 1684;
Zip tie;HR;Vezica | spojna traka;1681 1684;
Zip tie;SL;Vezica | vezni trak;1681 1684;
acryl;SL;acryl | akril;187 189;
alu- anodized;HR;alu-anodiziran | alu-anodizirana;193 199;
alu- anodized;SL;alu- anodiziran | alu-anodizirana;193 199;
alu- black anodized;HR;alu-crna anodizirana | alu-crni anodiziran;194 200;
alu- black anodized;SL;alu- črn anodiziran | alu-črna anodizirana;194 200;
amber;SL;AMBER | jantarna;2223 2466;
anodized;HR;anodiziran | anodizirana;209 210;
anodized;SL;anodiziran | anodizirana;209 210;
antique brass;SL;antique brass | medenina antik;2226 2842;
bent;DE;gebogen | verdrehter;2464 2477;
bent;HR;savijena | uvrnut;2464 2477;
bent;SL;upognjen | zviti;2464 2477;
black;DE;Black | schwarz;98 99 100 278 343 344;
black;HR;Black | crna | crne | crni | crno;98 99 100 278 343 344;
black;SL;Black | črn | črna | črne | črni | črno;98 99 100 278 343 344;
black/alu;SL;črn/alu | črna/alu;2128 2129;
black/blue;SL;črno/moder | črno/modra;1295 1296;
black/chrome;SL;črna/krom | črno/krom;2054 2579;
black/gold;SL;črna/zlata | črno/zlata;342 2583;
black/red;HR;crn/crven | crna/crvena;2126 2127;
black/red;SL;črn/rdeč | črna/rdeča;2126 2127;
black/silver;SL;črna/srebrna | črno/srebrna;1956 2577;
black/white;SL;črna/bela | črno/bela;339 2581;
blue;HR;plav | plavi | plavo;849 851 852;
blue;SL;moder | modra | modro;849 851 852;
blue/black;HR;plava/crna | plavi/crn;2403 2909;
blue/black;SL;moder/črn | modra/črna;2403 2909;
box;HR;BOX | kutija;1526 2624;
box;SL;BOX | škatla;1526 2624;
brown;SL;rjav | rjava | rjavo;1331 1332 2021;
bulk;DE;Schüttgut | bulk;308 2736;
bulk;HR;bulk | rasuto;308 2736;
bulk;SL;bulk | rinfuza;308 2736;
bulkhead;HR;brodsko | bulkhead;2439 2442;
bulkhead;SL;bulkhead | ladijska;2439 2442;
ceiling;HR;decken | stropna | stropni;1484 1491 1493 2493;
ceiling;SL;stropna | stropni | stropnih | stropno;1484 1491 1493 2493;
ceiling light;DE;Deckenlampe | Deckenleuchte;1103 1485;
ceiling light;HR;Stropna lampa | stopna lampa;1103 1485;
ceiling light;SL;plafonjera | stropna svetilka;1103 1485;
ceiling/wall;HR;stropna/zidna | stropni/zidni;1486 1492;
ceiling/wall;SL;stropna/stenska | stropni/stenski;1486 1492;
champagne;SL;(champagne) | šampanjec;1511 2055;
chocolate;DE;Schokolade | chocolate;337 2845;
chocolate;HR;chocolate | čokoladna;337 2845;
chocolate;SL;chocolate | čokoladna;337 2845;
classic;DE;CLASSIC | klassisch;626 2471 2481 2913;
classic;HR;CLASSIC | klasik | klasični;626 2471 2481 2913;
classic;SL;CLASSIC | klasika | klasična | klasični;626 2471 2481 2913;
click;SL;klik | na klik;628 1969;
coded;HR;kodiran | kodirana;632 633 634;
coded;SL;kodiran | kodirana | kodirano;632 633 634;
combined;HR;kombinacija | kombiniran | kombinirana | kombinirano;641 643 2764 2878;
combined;SL;kombiniran | kombinirana | kombinirano;641 643 2764 2878;
communication;DE;Kommunikation- | Verbindungstyp;650 2662;
communication;HR;Veza | komunikacijska;650 2662;
communication;SL;Povezava | komunikacijska;650 2662;
communication/computer;SL;komunikacijski/računalniška | komunikacijski/računalniški;651 2317;
constant voltage;DE;Konstantspannung | ständige Spannung;663 1448;
constant voltage;HR;konstantni napon | stalni napon;663 1448;
constant voltage;SL;konstantna napetost | stalnonapetostni;663 1448;
cream;SL;krem | kremna;695 2328;
dark grey;DE;dunkelgrauer | dunkelgraues;1560 1562;
dark grey;HR;tamno siv | tamno sivo;1560 1562;
dark grey;SL;temno siv | temno sivo;1560 1562;
deep matt;DE;deep matt | tiefmatt;359 496;
deep matt;HR;deep matt | duboki mat;359 496;
deep matt;SL;deep mat | globoko mat;359 496;
digital;HR;digitalne | digitalni;363 365;
digital;SL;digitalne | digitalni;363 365;
distribution box;DE;Abzweigdose | Kleinverteiler;422 519 521 599 1984;
distribution box;HR;Kabelska doza | Razvodna ormara | Razvodni ormar | doza;422 519 521 599 1984;
distribution box;SL;Doza | Kabelska razvodna doza | Razdelilna hišna omarica | Razdelilna omarica | doza;422 519 521 599 1984;
double;DE;Verbindungshalter | doppelt | doppelter Höhe | zweistellig;430 432 435 441 979;
double;HR;dvostruka | dvostruki | ruka;430 432 435 441 979;
double;SL;dvojna | dvojno | dvomestni | dvovišinski | roka;430 432 435 441 979;
double end;DE;double end | zwei-seitig;421 440;
double end;HR;double end | dvostruki;421 440;
double end;SL;double end | dvostranski;421 440;
dustproof, waterproof;HR;vodotjesen | vodotjesna;1169 1172;
dustproof, waterproof;SL;prahotesen, vodoodporen | prahotesno, vodoodporno;1169 1172;
electrical;SL;hišna | inštalacijski;520 2373;
emergency;SL;zasilna | zasilni;1899 1900;
floor;DE;Boden | Steh;1474 1547 1548 1551;
floor;HR;podna | podni | stojeća;1474 1547 1548 1551;
floor;SL;stoječa | talna | talni | talno;1474 1547 1548 1551;
for light;DE;für Lampe | für Licht;1831 1862;
for light;SL;za luč | za svetilko;1831 1862;
for window blinds;SL;žaluzijska | žaluzijsko;1931 1932;
frosted;DE;frosted | frostet;483 858 859;
frosted;HR;frosted | prozirna | prozirni;483 858 859;
frosted;SL;frosted | motno prozoren | motno prozorna;483 858 859;
furniture;DE;Möbel | Möbel-;1141 2358;
furniture;SL;pohištveni | pohištveno;1141 2358;
glass;SL;Glass | steklo;1450 2334;
gold;HR;zlatna | zlatni | zlato;1917 1918 1919;
gold;SL;zlat | zlata | zlato;1917 1918 1919;
graphite;HR;grafit | grafitna;505 506;
graphite;SL;grafit | grafitna;505 506;
green;DE;GREEN | grün;1913 1915 1916 2465;
green;HR;GREEN | zelena | zeleno;1913 1915 1916 2465;
green;SL;GREEN | zelen | zelena | zeleno;1913 1915 1916 2465;
green/blue/red/black;SL;zelen/moder/rdeč/črn | zelena/modra/rdeča/črna;1294 1914;
grey;HR;siv | siva | sivo;1419 1420 1421 1424;
grey;SL;siv | siva | sivo;1419 1420 1421 1424;
half-milky white;HR;pola mliječno bijela | pola mliječno bijeli;1151 1152;
half-milky white;SL;polmlečno bel | polmlečno bela;1151 1152;
heat-schrink;SL;termoskrčna | termoskrčni;1568 1569;
horizontal;HR;ležeći | vodoravna | vodoravni;528 529 763;
horizontal;SL;horizontalna | horizontalni | ležeči;528 529 763;
included;DE;Inklusive | inklusiv;1221 1222 2385;
included;HR;Upaljeno | uključena | uključeno;1221 1222 2385;
included;SL;Vključeno | priložena | priloženo;1221 1222 2385;
insulated;SL;izoliran | izolirana;578 579;
interchangeable;HR;zamjenjiv | zamjenjivi;1890 1891 2865;
interchangeable;SL;zamenljiva | zamenljivi | zamenljivo;1890 1891 2865;
intermediate-cord;SL;vmesno-vrvično | vmesno-vrvično, dvopolno;2022 2322;
laser;DE;Laser- | laser;709 710;
laser;HR;laser | laserski;709 710;
laser;SL;laser | laserski;709 710;
light;DE;Leuchte | Licht;776 1505;
light;HR;lampa | svjetla;776 1505;
light;SL;luč | svetilka;776 1505;
light grey;HR;svijetlo siva | svijetlo sivo;1506 1507;
light grey;SL;svetlo siva | svetlo sivo;1506 1507;
line;DE;Linien- | linien;764 768;
line;HR;linijska | linijski;764 768;
line;SL;linijska | linijski;764 768;
mat-microprismatic;HR;mat-mikroprizmatičan | mat-mikroprizmatična;795 796;
mat-microprismatic;SL;mat-mikroprizmatičen | mat-mikroprizmatična;795 796;
melodies;SL;Melodije | melodiji;426 812;
metal;SL;kovina | kovinski | kovinsko;685 693 2475;
metal chromed or painted;SL;kovina kromirana ali barvana | kovina kromirano ali barvana;2099 2103;
metric;HR;metrička | metričke;830 831;
metric;SL;metrična | metrične;830 831;
milky transparent;HR;mliječno transparentan | mliječno transparentna;844 845;
milky transparent;SL;mlečno prozoren | mlečno prozorna;844 845;
milky white;HR;mliječno bijela | mliječno bijeli;842 843;
milky white;SL;mlečno bel | mlečno bela;842 843;
modular;DE;modular | montierbar;1379 2472;
modular;HR;modularni | sastaviv;1379 2472;
modular;SL;modularni | sestavljivo;1379 2472;
multicolour;SL;multicolour | večbarvna;2062 2847;
natural;DE;Natural | Naturliche farbe;125 126 917;
natural;HR;naravna | prirodna boja | prirodne boje;125 126 917;
natural;SL;naravna | naravna barva | naravne barve;125 126 917;
not included;HR;nije uključen | nije uključena | nisu uključeni;956 957 958;
not included;SL;ni priložen | ni priložena | ni vključen;956 957 958;
one-component;DE;Einkomponenten | eins-komponent;2587 2628;
one-component;HR;jednokomponentan | jednokomponentni;2587 2628;
one-component;SL;enokomponenten | enokomponentni;2587 2628;
optic;HR;Optički | optička;1040 1044;
optic;SL;Optika | optična;1040 1044;
orange;SL;oranžen | oranžna;1046 2130;
outdoor;DE;außen | für Außen;1921 1923 1926;
outdoor;HR;vanjska | vanjske | vanjski;1921 1923 1926;
outdoor;SL;zunanja | zunanje | zunanji;1921 1923 1926;
painted steel;SL;Painted steel | barvano jeklo;246 2333;
panel;DE;Panel | Platte;1066 2886;
panel;HR;panel | panelna;1066 2886;
panel;SL;panel | panelna;1066 2886;
pink;DE;Rosa | pink;1089 1339 2329;
pink;HR;pink | ružičasta;1089 1339 2329;
pink;SL;pink | roza | rožnata;1089 1339 2329;
plastic;SL;Plastic | plastika;1105 2337;
plywood;SL;Plywood | vezan les;1680 2338;
polyurethane;HR;poliuretanska | poliuretanski;1147 1149;
polyurethane;SL;poliuretanska | poliuretanski;1147 1149;
programmable;SL;programirljiv | programljiv;1236 2207;
purpose-made;SL;namenska | namenski;896 897;
push-in;HR;brza | brzi;523 524;
push-in;SL;hitra | hitri;523 524;
raw;HR;sirov | sirova;1497 1498;
raw;SL;surov | surova;1497 1498;
recessed;DE;eingebaut | eingebauter | eingebautes;1132 1134 1135 1686 1695 1697;
recessed;HR;ugradna | ugradni | ugradno;1132 1134 1135 1686 1695 1697;
recessed;SL;podometna | podometni | podometno | vgradna | vgradni | vgradno;1132 1134 1135 1686 1695 1697;
rectangular;HR;pravokutna | pravokutni | pravokutno;1173 1174 1175 1176;
rectangular;SL;pravokoten | pravokotna | pravokotni | pravokotno;1173 1174 1175 1176;
red;SL;rdeč | rdeča | rdeče;1287 1297 1299;
red-black;SL;rdeča-črna | rdeče-črn | rdeče-črna;1300 1301 1302;
red/black;SL;rdeč/črn | rdeča/črna;1288 2049;
red/blue/black/white;SL;rdeč/moder/črn/bel | rdeč/modr/črn/bel | rdeča/modra/črna/bela;1289 1291 1292;
red/blue/black/white/green;SL;rdeč/moder/črn/bel/zelen | rdeča/modra/črna/bela/zelena;1290 1293;
resin;SL;Zalivka | smola;2087 2382;
rl;HR;RL | rol;2426 2612;
rl;SL;RL | rol;2426 2612;
round;DE;rund | runde;307 1027 1028 1029;
round;HR;okrugao | okrugla | okruglo;307 1027 1028 1029;
round;SL;bučka | okrogel | okrogla | okroglo;307 1027 1028 1029;
rounded;SL;zaobljen | zaobljena;2262 2263;
rust;SL;barva rje | rust;1347 2224;
screw-type;DE;mit Schrauben | schrauben;1712 1713 1715;
screw-type;HR;sa vijkom | vijak;1712 1713 1715;
screw-type;SL;vijačna | vijačni | vijačno;1712 1713 1715;
screwless;SL;brezvijačna | brezvijačni | brezvijačno;296 297 298;
self-extinguishing;HR;samogasiva | samogasivi;1365 1366;
self-extinguishing;SL;samougasna | samougasni;1365 1366;
shallow;SL;plitek | plitka;1109 2292;
side;HR;stranska | stranski;1482 2040;
side;SL;stranska (SIDE) | stranski;1482 2040;
silicone;DE;Silikon | Silikon-;1408 1412 1413;
silicone;HR;silikon | silikonska | silikonski;1408 1412 1413;
silicone;SL;silikon | silikonska | silikonski;1408 1412 1413;
silk gray;DE;seidengrau | silk gray;2742 2859;
silk gray;HR;silk gray | svileno siva;2742 2859;
silk gray;SL;silk gray | svileno siva;2742 2859;
silver;HR;srebro | u boji srebra;1439 1440 1443 2145;
silver;SL;srebrn | srebrna | srebrni | srebrno;1439 1440 1443 2145;
single;DE;einfach | einfacher Höhe | einzel;457 458 459 469;
single;HR;jednostruka | jednostruki | jednostruko;457 458 459 469;
single;SL;enojna | enojni | enojno | enovišinski;457 458 459 469;
single-colour;HR;jednobojna | jednobojni;455 456;
single-colour;SL;enobarvna | enobarvni;455 456;
smoked;DE;rauchige | smoked;2702 2850;
smoked;HR;dimljena | smoked;2702 2850;
smoked;SL;dimljena | smoked;2702 2850;
solar;SL;solarna | solarni;1992 2701;
spring;SL;vzmetna | vzmetna (SPRING);1759 1760;
square;DE;quadratisch | quadratische;706 707 1974;
square;HR;četvrtast | četvrtasta;706 707 1974;
square;SL;kvadraten | kvadratna | kvadratno;706 707 1974;
stainless steel;HR;nehrđajući metal | nehrđajući čelik;950 951;
stainless steel;SL;nerjaveča kovina | nerjaveče jeklo;950 951;
steel;DE;Stahl | aus Stahl;583 585;
steel;HR;od čelika | čelik;583 585;
steel;SL;jekleni | jeklo;583 585;
surface mount;HR;nadgradna | nadgradni | nadgradnja | nadgradno;880 883 887 891 892 893 2881;
surface mount;SL;nadgradna | nadgradni | nadgradno | nadometen | nadometna | nadometni | nadometno;880 883 887 891 892 893 2881;
tons;HR;tone | toni;1607 1608;
tons;SL;tone | toni;1607 1608;
transparent;HR;transparentan | transparentna | transparentno;1245 1246 1247 1622 1623;
transparent;SL;prozoren | prozorna | prozorno | transparenten | transparentna;1245 1246 1247 1622 1623;
transparent gray;HR;transparentno siva | transparentno sivo;2355 2882;
transparent gray;SL;transparentno siva | transparentno sivo;2355 2882;
triangular;HR;trokutasta | trokutasti;2450 2642;
triangular;SL;trikoten | trikotna;2450 2642;
triple;DE;3-fach | 3-faches;1628 1629 1631;
triple;HR;trojna | trojno | trostruki;1628 1629 1631;
triple;SL;trojna | trojni | trojno;1628 1629 1631;
tube;DE;Rohr | Tube;327 1632;
tube;HR;cijev | tuba;327 1632;
tube;SL;cev | tuba;327 1632;
two-colour;SL;dvobarvna | dvobarvno;428 429;
type;SL;Tip | Vrsta | tip;1578 1579 1580 1736;
universal;DE;Univerzal | universal | universale;1651 1652 2835;
universal;HR;univerzalan | univerzalen | univerzalna;1651 1652 2835;
universal;SL;univerzalen | univerzalna | univerzalni;1651 1652 2835;
vertical;SL;vertikalna | vertikalni;1678 1679;
wall;DE;Wand- | wand;1453 1458 1463;
wall;HR;zidna | zidni | zidno;1453 1458 1463;
wall;SL;stenska | stenski | stensko;1453 1458 1463;
warm white;DE;warmes weiß | warmes weiße;1609 1610;
warm white;HR;toplo bijela | toplo bijelo;1609 1610;
warm white;SL;toplo bela | toplo belo;1609 1610;
white;HR;bijela | bijeli | bijelo;263 264 271 272 273;
white;SL;bel | bela | bele | beli | belo;263 264 271 272 273;
white/chrome;SL;bela/krom | belo/krom;2067 2578;
white/gold;SL;bela/zlata | belo/zlata;270 2582;
white/silver;SL;bela/srebrna | belo/srebrna;1955 2576;
white/white;SL;bela/bel | bela/bela | belo/bela;267 2066 2580;
without holder;HR;neizoliran | neizolirana;498 499;
without holder;SL;gola | goli;498 499;
yellow;SL;rumen | rumena;1341 1344;
yellow-green;SL;rumeno-zelen | rumeno-zelena;1345 1346;
zinc-coated;HR;pocinčan | pocinčana;1115 1116;
zinc-coated;SL;pocinkan | pocinkana;1115 1116;
