Šifra stranke,Naziv,E-pošta,Tel. številko,Uporabniki,Skupina (Magento),Cenik,Plačnik,Popust polno pakiranje,Vrednostni rabat,Rabat prag 1,Rabat % 1,Rabat prag 2,Rabat % 2,Rabat prag 3,Rabat % 3,B2B+,Skupine popustov,Popust NW
0000014,Sparkasse d.d.,,,,,B2C,,0,0,800,1,1500,2,3000,3,0,,
0000040,PETER JAKLIČ S.P.,,,,,B2C,,0,0,800,1,1500,2,3000,3,0,,
0000049,URMET d.o.o.,,,,,B2B,,0,0,800,1,1500,2,3000,3,0,,
0000054,ZOTTER GMBH,,,,,B2C,,0,0,800,1,1500,2,3000,3,0,,
0000127,Martin Hočevar s.p.,,,,,B2B,,0,0,800,1,1500,2,3000,3,0,,
0000132,Aljaž Košak s.p.,,,,,B2C,,0,0,800,1,1500,2,3000,3,0,,
0000134,Elcon s.r.l. Dostava,,,,,,0000560|,0,0,800,1,1500,2,3000,3,0,,
0000140,APOLIS d.o.o.,,,,,B2B,,0,0,800,1,1500,2,3000,3,0,,
0000145,ETREL d.o.o.,,,,,,,0,0,800,1,1500,2,3000,3,0,,
0000147,"Lampa LV SIA  ""ATTA-1""",,,,,,,0,0,800,1,1500,2,3000,3,0,,
0000153,Smartsheet Inc.,,,,,,,0,0,800,1,1500,2,3000,3,0,,
0000158,ELEKTRO TIM D.O.O.,,,,,,0001053|,0,0,800,1,1500,2,3000,3,0,,
0000159,TOPMART d.o.o.,,,,,B2B,,0,0,800,1,1500,2,3000,3,0,,
0000160,Self Electronics Germany GmbH,,,,,,,0,0,800,1,1500,2,3000,3,0,,
0000186,HOTEL GROSUPLJE d.o.o.,,,,,,,0,0,800,1,1500,2,3000,3,0,,
0000189,Bojan Kresal s.p.,,,,,B2B,,0,0,800,1,1500,2,3000,3,0,,
0000191,EKO STIL d.o.o.,,,,,,,0,0,800,1,1500,2,3000,3,0,,
0000192,OPARA D.O.O.,,,,,,,0,0,800,1,1500,2,3000,3,0,,
0000200,"ELVAM-N, d.o.o.",,,,,B2B,,0,0,800,1,1500,2,3000,3,0,,
0000205,DIEM d.o.o.,,,,,,,0,0,800,1,1500,2,3000,3,0,,
0000207,"Shenzen 2 in1 Technology Co., Ltd",,,,,,,0,0,800,1,1500,2,3000,3,0,,
0000209,"EURO M&M, d.o.o.",,,,,,,0,0,800,1,1500,2,3000,3,0,,
0000211,Matej Stražišnik s.p.,,,,,,0001053|,0,0,800,1,1500,2,3000,3,0,,
0000212,PRŠUTARNA S' KRASA d.o.o.,,,,,,,0,0,800,1,1500,2,3000,3,0,,
0000219,MIT-GS d.o.o.,,,,,,,0,0,800,1,1500,2,3000,3,0,,
0000240,GVS d.o.o.,,,,,,,0,0,800,1,1500,2,3000,3,0,,
0000247,"GVO, d.o.o.",,,,,,,0,0,800,1,1500,2,3000,3,0,,
0000253,ABL GmbH,,,,,B2B,,0,0,800,1,1500,2,3000,3,0,,
0000259,AGROGRAD d.o.o.,,,,,B2B,,0,0,800,1,1500,2,3000,3,0,,
0000303,AMOS d.o.o. Ljubljana,,,,,B2B,,0,0,800,1,1500,2,3000,3,0,,
0000324,ANTILA d.o.o.,,,,,B2B,,0,0,800,1,1500,2,3000,3,0,,
0000326,"ANTON SELIČ, S.P.",,,,,B2B,0000717|,0,0,800,1,1500,2,3000,3,0,,
0000327,"ANTON SELIČ, S.P.",,,,,B2C,0001053|,0,0,800,1,1500,2,3000,3,0,,
0000330,"ANVINA, d.o.o., Vrhnika",,,,,B2B,,0,0,800,1,1500,2,3000,3,0,,
0000339,"ARHITEKTURA S, Biserka Smolič s.p.",,,,,B2B,,0,0,800,1,1500,2,3000,3,0,,
0000340,ARLINE  S.R.L.,,,,,B2C,,0,0,800,1,1500,2,3000,3,0,,
0000356,ANTON JANEŽIČ s.p.,,,,,B2B,,0,0,800,1,1500,2,3000,3,0,,
0000359,Feliks Ahlin s.p.,,,,,B2B,,0,0,800,1,1500,2,3000,3,0,,
0000420,BOŠTJAN ŠENICA S.P.,,,,,B2B,,0,0,800,1,1500,2,3000,3,0,,
0000428,BRAYTRON S.R.L,,,,,B2B,,0,0,800,1,1500,2,3000,3,0,,
0000429,"BREVAL, d.o.o.",,,,,B2B,,0,0,800,1,1500,2,3000,3,0,,
0000432,BT TRADE d.o.o.,,,,,B2B,,0,0,800,1,1500,2,3000,3,0,,
0000437,cargo-partner d.o.o.,,,,,B2B,,0,0,800,1,1500,2,3000,3,0,,
0000471,DAR TRGOVSKO PODJETJE NA VELIKO IN MALO D.O.O.,,,,,B2B,0001053|,0,0,800,1,1500,2,3000,3,0,,
0000483,Ddesign d.o.o.,,,,,B2B,,0,0,800,1,1500,2,3000,3,0,,
0000499,"DETAS d.o.o., Proizvodnja električne opreme za rasvjetu",,,,,B2B,,0,0,800,1,1500,2,3000,3,0,,
0000503,"Webtasy, d.o.o.",,,,,B2B,,0,0,800,1,1500,2,3000,3,0,,
0000506,DIGIMAX SRL,,,,,B2C,,0,0,800,1,1500,2,3000,3,0,,
0000508,Dipl.ing. Ernst KRYSTUFEK GmbH&Co KG,,,,,B2B,,0,0,800,1,1500,2,3000,3,0,,
0000534,Duralamp S.P.A.,,,,,B2C,,0,0,800,1,1500,2,3000,3,0,,
0000538,e2 elektro GmbH,,,,,B2B,,0,0,800,1,1500,2,3000,3,0,,
0000539,ECE d.o.o.,,,,,B2B,,0,0,800,1,1500,2,3000,3,0,,
0000543,EEA Medved d.o.o.,,,,,B2B,0000717|,0,0,800,1,1500,2,3000,3,0,,
0000544,"EFEKT Krško, d.o.o.",,,,,B2B,,0,0,800,1,1500,2,3000,3,0,,
0000546,EHO-KAT d.o.o.,,,,,B2B,0001053|,0,0,800,1,1500,2,3000,3,0,,
0000547,"EIMD, d.o.o.",,,,,B2B,0000717|,0,0,800,1,1500,2,3000,3,0,,
0000557,ELBRUS d.o.o.,,,,,B2B,,0,0,800,1,1500,2,3000,3,0,,
0000559,"ELCOM, d.o.o.",,,,,B2B,,0,0,800,1,1500,2,3000,3,0,,
0000560,ELCON s.r.o.,,,,,B2B,,0,0,800,1,1500,2,3000,3,0,,
0000562,"EL-DA , Darko Kastelic s.p.",,,,,B2B,0000717|,0,0,800,1,1500,2,3000,3,0,,
0000563,"E.DEN ELEKTRONIKA, DENIS ŠUŠTARŠIČ S.P.",,,,,B2B,,0,0,800,1,1500,2,3000,3,0,,
0000564,ERIK HOLZBAUER S.P.,,,,,B2B,,0,0,800,1,1500,2,3000,3,0,,
0000565,ELEKTRO CENTAR d.o.o.,,,,,B2B,,0,0,800,1,1500,2,3000,3,0,,
0000574,ELEKTRO OKROGELNIK d.o.o.,,,,,B2B,0001537|,0,0,800,1,1500,2,3000,3,0,,
0000575,ELEKTRO PRESTIŽ Jure Hrastar s.p.,,,,,B2B,,0,0,800,1,1500,2,3000,3,0,,
0000579,PETER VOZELJ s.p.,,,,,B2B,,0,0,800,1,1500,2,3000,3,0,,
0000582,ELEKTRO TOPLER d.o.o.,,,,,B2B,0000717|,0,0,800,1,1500,2,3000,3,0,,
0000584,"ELEKTRO UGOVŠEK ELEKTRIČNE INSTALACIJE, D.O.O.",,,,,B2B,0001053|,0,0,800,1,1500,2,3000,3,0,,
0000586,ELEKTRO-IN d.o.o.,,,,,B2B,,0,0,800,1,1500,2,3000,3,0,,
0000595,"ELEKTROCENTER, PE Šempeter",,,,,B2C,0000594|,0,0,800,1,1500,2,3000,3,0,,
0000596,"ELEKTROCENTER, PE Domžale",,,,,B2B,0000594|,0,0,800,1,1500,2,3000,3,0,,
0000597,"ELEKTROCENTER, PE Kamnik",,,,,B2C,0000594|,0,0,800,1,1500,2,3000,3,0,,
0000598,"ELEKTROCENTER, PE Sežana",,,,,B2C,0000594|,0,0,800,1,1500,2,3000,3,0,,
0000599,"ELEKTROCENTER, PE Koper",,,,,B2C,0000594|,0,0,800,1,1500,2,3000,3,0,,
0000600,"ELEKTROINŽENIRING LILIJA, d.o.o.",,,,,B2B,0001053|,0,0,800,1,1500,2,3000,3,0,,
0000601,ELEKTROLUX d.o.o. Črnomelj,,,,,B2B,,0,0,800,1,1500,2,3000,3,0,,
0000603,ELEKTROMONTER d.o.o.,,,,,B2B,,0,0,800,1,1500,2,3000,3,0,,
0000607,"ELEKTROTURNŠEK INSTALACIJE, ELEKTROINSTALACIJE, ELEKTROINŽENIRING, ELEKTROMERI",,,,,B2B,0000717|,0,0,800,1,1500,2,3000,3,0,,
0000617,"El-Pro, Damjan Božič, s.p.",,,,,B2B,,0,0,800,1,1500,2,3000,3,0,,
0000620,"ELPOS ELEKTRO TRGOVINA, SARA GREŠOVNIK S.P.",,,,,B2B,0000717|,0,0,800,1,1500,2,3000,3,0,,
0000621,ELPRO KRIŽNIČ d.o.o.,,,,,B2B,0001053|,0,0,800,1,1500,2,3000,3,0,,
0000625,ELTOK d.o.o.,,,,,B2B,,0,0,800,1,1500,2,3000,3,0,,
0000629,EML STADLER d.o.o.,,,,,B2B,0001053|,0,0,800,1,1500,2,3000,3,0,,
0000640,ERRI d.o.o.,,,,,B2B,,0,0,800,1,1500,2,3000,3,0,,
0000704,ETS PREGL d.o.o.,,,,,B2B,,0,0,800,1,1500,2,3000,3,0,,
0000706,EURO M PROIZVODNO TRGOVSKO PODJETJE D.O.O.,,,,,B2B,0000586|,0,0,800,1,1500,2,3000,3,0,,
0000713,"EUROTON, d.o.o.",,,,,B2B,,0,0,800,1,1500,2,3000,3,0,,
0000717,"EVENTUS, Novo mesto, d.o.o.",,,,,B2B,,0,0,800,1,1500,2,3000,3,0,,
0000718,"EVENTUS, PE Ljubljana",,,,,B2C,0000717|,0,0,800,1,1500,2,3000,3,0,,
0000719,"EVENTUS, PE Celje",,,,,B2C,0000717|,0,0,800,1,1500,2,3000,3,0,,
0000720,"EVENTUS, PE Maribor",,,,,B2C,0000717|,0,0,800,1,1500,2,3000,3,0,,
0000721,Kalcer d.o.o.,,,,,,,0,0,800,1,1500,2,3000,3,0,,
0000726,EVJ d.o.o.,,,,,B2B,,0,0,800,1,1500,2,3000,3,0,,
0000728,EYWA Nejc Rihar s.p.,,,,,B2B,,0,0,800,1,1500,2,3000,3,0,,
0000742,Filoform B.V.,,,,,B2C,,0,0,800,1,1500,2,3000,3,0,,
0000763,G.N.C. S.R.L.,,,,,B2C,,0,0,800,1,1500,2,3000,3,0,,
0000775,"GIC GRADNJE, GRADBENIŠTVO, IZVAJANJE IN INŽENIRING D.O.O.",,,,,B2B,0000717|,0,0,800,1,1500,2,3000,3,0,,
0000779,"GMVI, GRADNJA, MONTAŽA, VZDRŽEVANJE, INŠTALACIJE, D.O.O.",,,,,B2B,,0,0,800,1,1500,2,3000,3,0,,
0000780,GNC S.r.l.,,,,,B2C,,0,0,800,1,1500,2,3000,3,0,,
0000819,"GRŽE, d.o.o. Postojna",,,,,B2B,,0,0,800,1,1500,2,3000,3,0,,
0000826,"HADOLIN, TRGOVINA IN STORITVE, D.O.O.",,,,,B2B,0000717|,0,0,800,1,1500,2,3000,3,0,,
0000827,HALCOM d.d.,,,,,B2B,,0,0,800,1,1500,2,3000,3,0,,
0000829,"HALO PESEK, BIOMASA d.o.o.",,,,,B2B,,0,0,800,1,1500,2,3000,3,0,,
0000834,HENSEL HUNGARIA VILLAMOSSÁGI KORLÁTOLT FELELŐSSÉGŰ TÁRSASÁG,,,,,B2C,,0,0,800,1,1500,2,3000,3,0,,
0000839,HOFER trgovina d.o.o.,,,,,B2B,,0,0,800,1,1500,2,3000,3,0,,
0000846,IBUS d.o.o.,,,,,B2B,,0,0,800,1,1500,2,3000,3,0,,
0000847,IBUS d.o.o.,,,,,B2B,0000717|,0,0,800,1,1500,2,3000,3,0,,
0000862,ITECH IMAO d.o.o.,,,,,B2B,,0,0,800,1,1500,2,3000,3,0,,
0000865,"INEL, društvo s ograničenom odgovornosti za trgovinu,",,,,,B2C,,0,0,800,1,1500,2,3000,3,0,,
0000870,"INPOS, d.o.o., Celje",,,,,B2B,0001053|,0,0,800,1,1500,2,3000,3,0,,
0000871,INPROM d.o.o.,,,,,B2B,,0,0,800,1,1500,2,3000,3,0,,
0000873,INT d.o.o.,,,,,B2B,,0,0,800,1,1500,2,3000,3,0,,
0000874,INTEREUROPA d.d.,,,,,B2B,,0,0,800,1,1500,2,3000,3,0,,
0000879,IQL d.o.o.,,,,,IQ,,0,0,800,1,1500,2,3000,3,0,,
0000885,iSmart d.o.o.,,,,,B2B,,0,0,800,1,1500,2,3000,3,0,,
0000886,IST d.o.o.,,,,,B2B,,0,0,800,1,1500,2,3000,3,0,,
0000888,ITI ELEKT d.o.o.,,,,,B2B,0001053|,0,0,800,1,1500,2,3000,3,0,,
0000890,IVAN BLATNIK S.P.,,,,,B2B,,0,0,800,1,1500,2,3000,3,0,,
0000896,"JAKA & I, d.o.o.",,,,,B2B,,0,0,800,1,1500,2,3000,3,0,,
0000897,"JAKA & I, PE Žalec",,,,,B2C,0000896|,0,0,800,1,1500,2,3000,3,0,,
0000907,JANEZ GRAJFONER S.P.,,,,,B2B,,0,0,800,1,1500,2,3000,3,0,,
0000925,GRAMAX d.o.o.,,,,,B2B,,0,0,800,1,1500,2,3000,3,0,,
0000956,Karizma Luce B.V.,,,,,B2B,,0,0,800,1,1500,2,3000,3,0,,
0000961,KID d.o.o.,,,,,B2B,,0,0,800,1,1500,2,3000,3,0,,
0000964,KLEMEN TRADE d.o.o.,,,,,B2B,0001053|,0,0,800,1,1500,2,3000,3,0,,
0000968,KLOBUČAR d.o.o.,,,,,B2B,,0,0,800,1,1500,2,3000,3,0,,
0000973,KOMO d.o.o.,,,,,B2B,,0,0,800,1,1500,2,3000,3,0,,
0000975,KOMUNALA TREBNJE d.o.o.,,,,,B2B,,0,0,800,1,1500,2,3000,3,0,,
0000987,KOVINOPRODAJA Trebnje d.o.o.,,,,,B2B,,0,0,800,1,1500,2,3000,3,0,,
0000988,KOVINOPRODAJA PE Slovenska vas,,,,,B2B,0000987|,0,0,800,1,1500,2,3000,3,0,,
0000999,"KURIVO, PE ŠEMPETER",,,,,B2C,0001537|,0,0,800,1,1500,2,3000,3,0,,
0001003,KZ TREBNJE z.o.o.,,,,,B2B,,0,0,800,1,1500,2,3000,3,0,,
0001004,"LAGEA, d.o.o.",,,,,B2B,,0,0,800,1,1500,2,3000,3,0,,
0001010,LES-MMS d.o.o.,,,,,B2B,,0,0,800,1,1500,2,3000,3,0,,
0001051,MAPLAST d.o.o. Domžale,,,,,B2B,0000717|,0,0,800,1,1500,2,3000,3,0,,
0001053,MARCHIOL d.o.o.,,,,,B2B,,0,0,800,1,1500,2,3000,3,0,,
0001054,"MARCHIOL d.o.o., PE MARIBOR",,,,,B2B,0001053|,0,0,800,1,1500,2,3000,3,0,,
0001055,"MARCHIOL d.o.o., PE LJUBLJANA",,,,,B2C,0001053|,0,0,800,1,1500,2,3000,3,0,,
0001078,MARUMI GROUP INTERNATIONAL d.o.o. - v stečaju,,,,,B2B,,0,0,800,1,1500,2,3000,3,0,,
0001110,"MBC, d.o.o.",,,,,B2B,,0,0,800,1,1500,2,3000,3,0,,
0001115,Mercator d.o.o.,,,,,B2B,,0,0,800,1,1500,2,3000,3,0,,
0001121,"METAL ING SKUPINA, d.o.o.",,,,,B2B,,0,0,800,1,1500,2,3000,3,0,,
0001126,"MFM INTARZIJA PROIZVODNJA, TRGOVINA, TURIZEM D.O.O.",,,,,B2B,0001537|,0,0,800,1,1500,2,3000,3,0,,
0001148,MIPRO TRGOVINA D.O.O.,,,,,B2B,0001537|,0,0,800,1,1500,2,3000,3,0,,
0001165,BOJAN MIKLIČ S.P.,,,,,B2B,,0,0,800,1,1500,2,3000,3,0,,
0001169,MKB CENTER d.o.o.,,,,,B2B,,0,0,800,1,1500,2,3000,3,0,,
0001215,"OBNOVA, PE ČRNUČE",,,,,B2C,0001537|,0,0,800,1,1500,2,3000,3,0,,
0001216,"OBNOVA, PE CELOVŠKA",,,,,B2C,0001537|,0,0,800,1,1500,2,3000,3,0,,
0001217,"OBNOVA, PE LESNO BRDO",,,,,B2C,0001537|,0,0,800,1,1500,2,3000,3,0,,
0001218,"OBNOVA, PE LOGATEC",,,,,B2C,0001537|,0,0,800,1,1500,2,3000,3,0,,
0001226,Omnisend Limited,,,,,B2C,,0,0,800,1,1500,2,3000,3,0,,
0001227,MOL & INA d.o.o.,,,,,B2B,,0,0,800,1,1500,2,3000,3,0,,
0001231,"OROS, d.o.o.",,,,,B2B,,0,0,800,1,1500,2,3000,3,0,,
0001238,P.P.H.U. EUROHANDEL,,,,,B2C,,0,0,800,1,1500,2,3000,3,0,,
0001240,Panasonic Electric Works Elektrik San. ve Tic. A.S,,,,,B2C,,0,0,800,1,1500,2,3000,3,0,,
0001241,PAN-JAN d.o.o.,,,,,B2B,,0,0,800,1,1500,2,3000,3,0,,
0001254,"PETROL d.d., Ljubljana",,,,,B2B,,0,0,800,1,1500,2,3000,3,0,,
0001256,PIGO d.o.o.,,,,,B2B,,0,0,800,1,1500,2,3000,3,0,,
0001273,"POLJE, PE PODPLAT",,,,,B2C,0001537|,0,0,800,1,1500,2,3000,3,0,,
0001274,"POLJE, PE MARIBOR",,,,,B2C,0001537|,0,0,800,1,1500,2,3000,3,0,,
0001275,"POLJE, PE ŠENTJUR",,,,,B2B,0001537|,0,0,800,1,1500,2,3000,3,0,,
0001276,POLONČIČ d.o.o.,,,,,B2B,,0,0,800,1,1500,2,3000,3,0,,
0001284,POŠTA SLOVENIJE d.o.o.,,,,,B2B,,0,0,800,1,1500,2,3000,3,0,,
0001287,POWER SOLUTION SPÓŁKA Z OGRANICZONĄ ODPOWIEDZIALNOŚCIĄ,,,,,B2C,,0,0,800,1,1500,2,3000,3,0,,
0001305,PROMELEK XXI S.A.,,,,,B2B,,0,0,800,1,1500,2,3000,3,0,,
0001320,RA-J d.o.o.,,,,,B2B,,0,0,800,1,1500,2,3000,3,0,,
0001325,REAM d.o.o.,,,,,B2B,,0,0,800,1,1500,2,3000,3,0,,
0001328,REM d.o.o.,,,,,B2B,,0,0,800,1,1500,2,3000,3,0,,
0001329,Rembol d.o.o.,,,,,B2B,,0,0,800,1,1500,2,3000,3,0,,
0001359,RONA TRGOVINA d.o.o.,,,,,B2B,,0,0,800,1,1500,2,3000,3,0,,
0001368,S E P d.o.o.,,,,,B2B,,0,0,800,1,1500,2,3000,3,0,,
0001372,SALUTEM d.o.o.,,,,,B2B,,0,0,800,1,1500,2,3000,3,0,,
0001385,SBS TRGOVINA d.o.o.,,,,,B2B,0001537|,0,0,800,1,1500,2,3000,3,0,,
0001386,"SBS TRGOVINA, PE KOČEVJE",,,,,B2C,0001537|,0,0,800,1,1500,2,3000,3,0,,
0001387,"SBS TRGOVINA, PE GROSUPLJE",,,,,B2C,0001537|,0,0,800,1,1500,2,3000,3,0,,
0001394,SELEKTRA PLUS d.o.o.,,,,,B2B,,0,0,800,1,1500,2,3000,3,0,,
0001410,SIMCO Sebastjan Simončič s.p.,,,,,B2B,,0,0,800,1,1500,2,3000,3,0,,
0001418,SKT d.o.o.,,,,,B2B,,0,0,800,1,1500,2,3000,3,0,,
0001424,SLOVENSKI PODJETNIŠKI SKLAD,,,,,B2B,,0,0,800,1,1500,2,3000,3,0,,
0001436,SPL d.d.,,,,,B2B,,0,0,800,1,1500,2,3000,3,0,,
0001442,STARLES d.o.o.,,,,,B2B,,0,0,800,1,1500,2,3000,3,0,,
0001444,S-TISK Tomaž Sladič s.p.,,,,,B2B,,0,0,800,1,1500,2,3000,3,0,,
0001455,ŠOKO d.o.o. Trebnje,,,,,B2B,,0,0,800,1,1500,2,3000,3,0,,
0001471,"TAMES PODJETJE ZA TRGOVINO, INŽENIRING IN STORITVE D.O.O.",,,,,B2B,0001053|,0,0,800,1,1500,2,3000,3,0,,
0001481,TECHNOBOX d.o.o.,,,,,B2B,,0,0,800,1,1500,2,3000,3,0,,
0001489,TEMS-US d.o.o. Ljubljana,,,,,B2B,,0,0,800,1,1500,2,3000,3,0,,
0001491,"TEO - TEN, d.o.o.",,,,,B2B,0001053|,0,0,800,1,1500,2,3000,3,0,,
0001492,"TEO - TEN, PE MURSKA SOBOTA",,,,,B2C,0001053|,0,0,800,1,1500,2,3000,3,0,,
0001494,TERMOTEHNIKA d.o.o.,,,,,B2B,,0,0,800,1,1500,2,3000,3,0,,
0001496,TESLA LIGHTING s.r.o.,,,,,B2B,,0,0,800,1,1500,2,3000,3,0,,
0001511,TINKI d.o.o.,,,,,B2B,,0,0,800,1,1500,2,3000,3,0,,
0001512,"TINKI, Tilen Šenk s.p.",,,,,B2B,,0,0,800,1,1500,2,3000,3,0,,
0001537,TOPDOM d.o.o.,,,,,B2B,,0,0,800,1,1500,2,3000,3,0,,
0001538,"TOPDOM d.o.o., PE NM",,,,,B2C,0001537|,0,0,800,1,1500,2,3000,3,0,,
0001540,"TOPMET Light K. Klosowicz, M.  WIŚNIEWSKI I WSPÓLNIK SPÓŁKA JAWNA",,,,,B2C,,0,0,800,1,1500,2,3000,3,0,,
0001541,TOTAL d.o.o. Novo mesto,,,,,B2B,,0,0,800,1,1500,2,3000,3,0,,
0001549,"ELEKTROSIGNAL, d.o.o.",,,,,B2B,0000717|,0,0,800,1,1500,2,3000,3,0,,
0001550,TehnoLES D.O.O. PE Hauptman,,,,,B2B,0001537|,0,0,800,1,1500,2,3000,3,0,,
0001554,TUL TRGOVSKA DEJAVNOST D.O.O.,,,,,B2B,0001053|,0,0,800,1,1500,2,3000,3,0,,
0001559,TZT d.o.o.,,,,,B2B,0001537|,0,0,800,1,1500,2,3000,3,0,,
0001584,USCO Uroš Strmec s.p.,,,,,B2B,,0,0,800,1,1500,2,3000,3,0,,
0001589,"VALINA UPRAVLJANJE, d.o.o.",,,,,B2B,,0,0,800,1,1500,2,3000,3,0,,
0001598,VELOG d.o.o. Ljubljana,,,,,B2B,,0,0,800,1,1500,2,3000,3,0,,
0001599,VELTRAG d.o.o.,,,,,B2B,0000717|,0,0,800,1,1500,2,3000,3,0,,
0001609,"VIGRED, d.o.o. NE OBSTAJAJO VEČ",,,,,B2B,0000717|,0,0,800,1,1500,2,3000,3,0,,
0001612,"VIMP, MATJAŽ JERŠIN S.P.",,,,,B2B,0001612|,0,0,800,1,1500,2,3000,3,0,,
0001613,VINI d.o.o.,,,,,B2B,,0,0,800,1,1500,2,3000,3,0,,
0001616,Viola Direkt GmbH,,,,,B2B,,0,0,800,1,1500,2,3000,3,0,,
0001620,VITO EUROPE LTD,,,,,B2C,,0,0,800,1,1500,2,3000,3,0,,
0001630,WATT ELEKTRO d.o.o.,,,,,B2B,,0,0,800,1,1500,2,3000,3,0,,
0001636,XILON d.o.o.,,,,,B2B,,0,0,800,1,1500,2,3000,3,0,,
0001647,Zavod Kultiza,,,,,B2B,,0,0,800,1,1500,2,3000,3,0,,
0001679,Medicina Mataln d.o.o.,,,,,,,0,0,800,1,1500,2,3000,3,0,,
0001688,FUTURISTIC LIFE d.o.o.,,,,,,,0,0,800,1,1500,2,3000,3,0,,
0001694,"MARCHIOL d.o.o., PE Novo mesto",,,,,B2C,0001053|,0,0,800,1,1500,2,3000,3,0,,
0001695,ETS PREGL d.o.o. Maribor,,,,,B2C,0000704|,0,0,800,1,1500,2,3000,3,0,,
0001698,Topdom Metlika,,,,,B2C,0001537|,0,0,800,1,1500,2,3000,3,0,,
0001699,"LAGEA, d.o.o. PE Črnomelj",,,,,B2C,0001004|,0,0,800,1,1500,2,3000,3,0,,
0001704,TRANSIMPEX-BULGARIA LTD.,,,,,B2C,,0,0,800,1,1500,2,3000,3,0,,
0001707,"ELPRO KRIŽNIČ d.o.o.,",,,,,B2C,0001053|,0,0,800,1,1500,2,3000,3,0,,
0001712,FEBUS LIGHT TRGOVINA ANDREJ GUZELJ S.P. Dobava,,,,,B2C,0000717|,0,0,800,1,1500,2,3000,3,0,,
0001715,ELTHERMA TRGOVINA IN STORITVE  D.O.O.,,,,,B2B,0000717|,0,0,800,1,1500,2,3000,3,0,,
0001716,EVENTUS PE NM Veleprodaja,,,,,B2C,0000717|,0,0,800,1,1500,2,3000,3,0,,
0001741,Kurivo  PE Koper,,,,,,0001537|,0,0,800,1,1500,2,3000,3,0,,
0001744,"3kw, d. o. o.",,,,,B2B,0000717|,0,0,800,1,1500,2,3000,3,0,,
0001745,SBS TRGOVINA d.o.o. Ivančna Gorica,,,,,B2B,0001537|,0,0,800,1,1500,2,3000,3,0,,
0001749,EML STADLER d.o.o.,,,,,B2B,,0,0,800,1,1500,2,3000,3,0,,
0001762,ELEKTRO ČERNEC d.o.o.,,,,,B2B,0001053|,0,0,800,1,1500,2,3000,3,0,,
0001765,ERRI d.o.o. Mostarska,,,,,B2B,0000640|,0,0,800,1,1500,2,3000,3,0,,
0001766,ERRI d.o.o. PE Zagrebačka,,,,,B2B,0000640|,0,0,800,1,1500,2,3000,3,0,,
0001768,"Mouser Electronics, Inc.",,,,,B2C,,0,0,800,1,1500,2,3000,3,0,,
0001783,JAKA SOJČ S.P.,,,,,B2C,0001053|,0,0,800,1,1500,2,3000,3,0,,
0001784,SORTIMO SLAVKO ROJEC S.P.,,,,,B2B,,0,0,800,1,1500,2,3000,3,0,,
0001786,MAKE TRADE D.O.O. Sedež,,,,,B2B,,0,0,800,1,1500,2,3000,3,0,,
0001787,MAKE TRADE D.O.O. Dostava,,,,,B2C,0000717|,0,0,800,1,1500,2,3000,3,0,,
0001792,CEROVSKI D.O.O.,,,,,B2C,,0,0,800,1,1500,2,3000,3,0,,
0001793,ZAK d.o.o.,,,,,B2C,,0,0,800,1,1500,2,3000,3,0,,
0001807,TRINI PLUS D.O.O.,,,,,B2B,0000720|,0,0,800,1,1500,2,3000,3,0,,
0001816,KIT ŽIŽKI d.o.o.,,,,,B2C,,0,0,800,1,1500,2,3000,3,0,,
0001819,AG-MONT d.o.o,,,,,B2C,0001145|,0,0,800,1,1500,2,3000,3,0,,
0001821,EPRIM d.o.o.,,,,,B2C,,0,0,800,1,1500,2,3000,3,0,,
0001827,MEGADOM d.o.o.,,,,,B2B,0000717|,0,0,800,1,1500,2,3000,3,0,,
0001828,"MEGADOM d.o.o. , dostava",,,,,B2C,0000717|,0,0,800,1,1500,2,3000,3,0,,
0001843,MEURER Bauelemente,,,,,,,0,0,800,1,1500,2,3000,3,0,,
0001846,SPAR SLOVENIJA d.o.o.,,,,,,,0,0,800,1,1500,2,3000,3,0,,
0001847,F-ELEKTRO SPÓŁKA Z OGRANICZONĄ,,,,,,,0,0,800,1,1500,2,3000,3,0,,
0001850,TOKO d.o.o.,,,,,,,0,0,800,1,1500,2,3000,3,0,,
0001852,"ELMED, DARKO KOSABER s.p.",,,,,B2B,,0,0,800,1,1500,2,3000,3,0,,
0001854,UNIOR d.d.,,,,,B2B,,0,0,800,1,1500,2,3000,3,0,,
0001868,BELTRAM d.o.o.,,,,,,,0,0,800,1,1500,2,3000,3,0,,
0001871,Gramax d.o.o PE Ivančna Gorica,,,,,B2B,0000925|,0,0,800,1,1500,2,3000,3,0,,
0001872,CATENA d.o.o.,,,,,,,0,0,800,1,1500,2,3000,3,0,,
0001873,Electro star SRL,,,,,,,0,0,800,1,1500,2,3000,3,0,,
0001879,IQL PE Ljubljana,,,,,,0000879|,0,0,800,1,1500,2,3000,3,0,,
0001889,ANDREJ TOMAŽIN s.p.,,,,,,,0,0,800,1,1500,2,3000,3,0,,
0001892,"EDICOM, d.o.o.",,,,,,0000717|,0,0,800,1,1500,2,3000,3,0,,
0001896,DUŠAN MOŽE S.P.,,,,,B2B,,0,0,800,1,1500,2,3000,3,0,,
0001901,MIZARSTVO FLORJANČIČ d.o.o.,,,,,,,0,0,800,1,1500,2,3000,3,0,,
0001905,COLLEGIO ROTONDI,,,,,,,0,0,800,1,1500,2,3000,3,0,,
0001915,"NARA HLADILNA TEHNIKA, d.o.o.",,,,,,,0,0,800,1,1500,2,3000,3,0,,
0001926,Anvina PE Tržaška  dostava,,,,,,0000330|,0,0,800,1,1500,2,3000,3,0,,
0001932,iSmart d.o.o.  PE PIK,,,,,,0000885|,0,0,800,1,1500,2,3000,3,0,,
0001934,Ikorp d.o.o.,,,,,B2B,,0,0,800,1,1500,2,3000,3,0,,
0001935,"ALXATEC, Aleksandar Antešević s.p.",,,,,B2B,,0,0,800,1,1500,2,3000,3,0,,
0001936,TOPDOM D.O.O. PE Brežice PE Brežice,,,,,,0001537|,0,0,800,1,1500,2,3000,3,0,,
0001951,SAMARIN d.o.o.,,,,,,,0,0,800,1,1500,2,3000,3,0,,
0001953,KONJEREJSKO DRUŠTVO ŠENTRUPERT,,,,,,,0,0,800,1,1500,2,3000,3,0,,
0001954,DAVID ERMAN s.p.,,,,,,,0,0,800,1,1500,2,3000,3,0,,
0001962,ELEKTROMARKET d.o.o.,,,,,B2B,0000594|,0,0,800,1,1500,2,3000,3,0,,
0001963,INPOS PE Slovenska Bistrica,,,,,,0001053|,0,0,800,1,1500,2,3000,3,0,,
0001964,INPOS PE Sevnica,,,,,,0001053|,0,0,800,1,1500,2,3000,3,0,,
0001965,INPOS PE Prevalje,,,,,,0001053|,0,0,800,1,1500,2,3000,3,0,,
0001966,INPOS PE Krško,,,,,,0001053|,0,0,800,1,1500,2,3000,3,0,,
0001967,INPOS PE Žalec,,,,,,0001053|,0,0,800,1,1500,2,3000,3,0,,
0001968,MARTIN MEGLIČ S.P.,,,,,,,0,0,800,1,1500,2,3000,3,0,,
0001971,BT TRADE d.o.o. DOSTAVA,,,,,,0000432|,0,0,800,1,1500,2,3000,3,0,,
0001976,"RMK-Line, Renato Marušič s.p.",,,,,B2B,,0,0,800,1,1500,2,3000,3,0,,
0001980,METVIL d.o.o.,,,,,,,0,0,800,1,1500,2,3000,3,0,,
0001982,LEDprofiles s.r.o.,,,,,,,0,0,800,1,1500,2,3000,3,0,,
0001984,VIVA.FIT d.o.o.,,,,,,,0,0,800,1,1500,2,3000,3,0,,
0001986,BORIS LAJH s.p.,,,,,,0000717|,0,0,800,1,1500,2,3000,3,0,,
0001987,Autobahnen- und Schnellstraßen-Finanzierungs-A haft,,,,,,,0,0,800,1,1500,2,3000,3,0,,
0001991,"ZEROX, d.o.o.",,,,,,0000717|,0,0,800,1,1500,2,3000,3,0,,
0001994,IP JAMŠEK d.o.o.,,,,,,,0,0,800,1,1500,2,3000,3,0,,
0001996,ELLUX d.o.o.,,,,,B2B,0001053|,0,0,800,1,1500,2,3000,3,0,,
0002004,ELEKTRODOM TOLMIN d.o.o.,,,,,,0000586|,0,0,800,1,1500,2,3000,3,0,,
0002007,KGP Electronics GmbH,,,,,,,0,0,800,1,1500,2,3000,3,0,,
0002008,Mundotec GmbH,,,,,,,0,0,800,1,1500,2,3000,3,0,,
0002012,ERAPLAST,,,,,,,0,0,800,1,1500,2,3000,3,0,,
0002022,MARTINA POVŠE S.P.,,,,,,,0,0,800,1,1500,2,3000,3,0,,
0002032,Damjan Tratar s.p.,,,,,,,0,0,800,1,1500,2,3000,3,0,,
0002043,VELTRAG d.o.o. Dostava,,,,,B2B,0000717|,0,0,800,1,1500,2,3000,3,0,,
0002044,Elbro AG,,,,,,,0,0,800,1,1500,2,3000,3,0,,
0002048,DEGRAF D.O.O.,,,,,,,0,0,800,1,1500,2,3000,3,0,,
0002049,AMARANT KOOPERATIVA d.o.o.,,,,,,,0,0,800,1,1500,2,3000,3,0,,
0002050,VARESI d.o.o.,,,,,,,0,0,800,1,1500,2,3000,3,0,,
0002060,NUMERIK PLUS d.o.o.,,,,,,,0,0,800,1,1500,2,3000,3,0,,
0002065,PELCOM D.O.O.,,,,,B2B,,0,0,800,1,1500,2,3000,3,0,,
0002069,"LEDA, elektroinštalacije, d.o.o.",,,,,,0001053|,0,0,800,1,1500,2,3000,3,0,,
0002074,VILLUMEN KERESKEDELMI ÉTERMELŐ KORLÁTOLT FELELŐSSÉGŰ TÁRSASÁG,,,,,,,0,0,800,1,1500,2,3000,3,0,,
0002078,BARGROUP d.o.o.,,,,,,,0,0,800,1,1500,2,3000,3,0,,
0002079,"Zhuhai Surelink COMMUNICATION CABLE CO.,LTD.",,,,,,,0,0,800,1,1500,2,3000,3,0,,
0002091,"Kai Suh Suh Enterprise CO.,LTD",,,,,,,0,0,800,1,1500,2,3000,3,0,,
0002093,Edita Wolf s.p.,,,,,,,0,0,800,1,1500,2,3000,3,0,,
0002094,MASTERPLAST d.o.o.,,,,,,,0,0,800,1,1500,2,3000,3,0,,
0002128,GRADMI d.o.o.,,,,,B2B,,0,0,800,1,1500,2,3000,3,0,,
0002131,IQL skladišče LJ,,,,,,0000879|,0,0,800,1,1500,2,3000,3,0,,
0002143,TDR TRADING d.o.o.,,,,,,0001053|,0,0,800,1,1500,2,3000,3,0,,
0002146,"EVJ STORITVE, d.o.o.",,,,,B2B,,0,0,800,1,1500,2,3000,3,0,,
0002150,LED IT d.o.o.,,,,,B2B,,0,0,800,1,1500,2,3000,3,0,,
0002151,ANDREJ BLAŽIČ S.P.,,,,,B2B,,0,0,800,1,1500,2,3000,3,0,,
0002152,LED IT D.O.O. DOSTAVA,,,,,B2B,0002150|,0,0,800,1,1500,2,3000,3,0,,
0002153,EPS Simon Povhe s.p.,,,,,B2B,,0,0,800,1,1500,2,3000,3,0,,
0002156,ELMONT d.o.o. Krško,,,,,B2B,,0,0,800,1,1500,2,3000,3,0,,
0002158,ELKOIN d.o.o.,,,,,B2B,,0,0,800,1,1500,2,3000,3,0,,
0002160,"Elektro Ugovšek električne inštalacije, d.o.o.",,,,,B2B,0000717|,0,0,800,1,1500,2,3000,3,0,,
0002161,EMV VRŠČAJ d.o.o.,,,,,B2B,,0,0,800,1,1500,2,3000,3,0,,
0002163,"ML Center, d.o.o.",,,,,B2B,,0,0,800,1,1500,2,3000,3,0,,
0002165,3MARAN d. o. o.,,,,,B2B,,0,0,800,1,1500,2,3000,3,0,,
0002166,"ADRIA MOBIL, d.o.o. Novo mesto",,,,,B2B,,0,0,800,1,1500,2,3000,3,0,,
0002167,FORMA SVETILA d.o.o.,,,,,B2B,,0,0,800,1,1500,2,3000,3,0,,
0002168,BRAVIA MOBIL d.o.o.,,,,,B2B,,0,0,800,1,1500,2,3000,3,0,,
0002169,ADNAN TUKIĆ S.P.,,,,,B2B,,0,0,800,1,1500,2,3000,3,0,,
0002175,Gašper Čeru s.p.,,,,,B2B,,0,0,800,1,1500,2,3000,3,0,,
0002177,NOVOMONT d.o.o.,,,,,B2B,,0,0,800,1,1500,2,3000,3,0,,
0002178,"BAUMULLER DRAVINJA, d.o.o.",,,,,B2B,,0,0,800,1,1500,2,3000,3,0,,
0002179,UNIMONT d.o.o.,,,,,B2B,,0,0,800,1,1500,2,3000,3,0,,
0002181,IPOD PROJEKTI d.o.o.,,,,,B2B,,0,0,800,1,1500,2,3000,3,0,,
0002183,"IGITOK, ELEKTROMEHANIKA IN ELEKTROINSTALACIJE - TOMŠE IGOR, S.P.",,,,,B2B,,0,0,800,1,1500,2,3000,3,0,,
0002186,BERING d.o.o.,,,,,B2B,,0,0,800,1,1500,2,3000,3,0,,
0002189,ELEKTROINŠTALACIJE NEJC DRAGAN S.P.,,,,,B2C,,0,0,800,1,1500,2,3000,3,0,,
0002191,MATISA d.o.o.,,,,,B2B,0001053|,0,0,800,1,1500,2,3000,3,0,,
0002195,Famatel Lliça de Vall,,,,,,,0,0,800,1,1500,2,3000,3,0,,
0002199,ELEKTRIA d.o.o.,,,,,B2B,,0,0,800,1,1500,2,3000,3,0,,
0002201,"ETT LIGHTING, d.o.o.",,,,,,,0,0,800,1,1500,2,3000,3,0,,
0002205,ELEKTRO SMRDEJ d.o.o.,,,,,B2B,,0,0,800,1,1500,2,3000,3,0,,
0002207,"ADRaudio, d.o.o.",,,,,B2B,,0,0,800,1,1500,2,3000,3,0,,
0002209,PSP d.o.o.,,,,,B2B,,0,0,800,1,1500,2,3000,3,0,,
0002214,KLIMAJ d.o.o.,,,,,B2B,,0,0,800,1,1500,2,3000,3,0,,
0002216,KLIMAX MARKO SIMONIČ S.P.,,,,,B2B,,0,0,800,1,1500,2,3000,3,0,,
0002228,ELEKTRO TOPLER d.o.o.,,,,,,0001053|,0,0,800,1,1500,2,3000,3,0,,
0002245,"BKS BANK AG, Bančna Podružnica, Jernej Pečnik",,,,,B2B,,0,0,800,1,1500,2,3000,3,0,,
0002246,OPREMKO d.o.o.,,,,,,,0,0,800,1,1500,2,3000,3,0,,
0002252,"ELPOS ELEKTRO TRGOVINA, PE SG",,,,,,0000717|,0,0,800,1,1500,2,3000,3,0,,
0002265,MARCHIOL d.o.o. PE Celje,,,,,,0001053|,0,0,800,1,1500,2,3000,3,0,,
0002267,RI-LUX d.o.o.,,,,,B2B,,0,0,800,1,1500,2,3000,3,0,,
0002269,Mobilbox d.o.o.,,,,,B2B,,0,0,800,1,1500,2,3000,3,0,,
0002271,"EXTRA LUX d.o.o., Ljubljana",,,,,,,0,0,800,1,1500,2,3000,3,0,,
0002273,BVB d.o.o.,,,,,B2B,,0,0,800,1,1500,2,3000,3,0,,
0002274,GREY GOLD d.o.o.,,,,,B2B,,0,0,800,1,1500,2,3000,3,0,,
0002277,ELEKTRO LJUBLJANA d.d.,,,,,B2B,,0,0,800,1,1500,2,3000,3,0,,
0002278,AT TEAM d.o.o.,,,,,B2B,,0,0,800,1,1500,2,3000,3,0,,
0002280,"Elektro Hočevar, Dejan Hočevar s.p.",,,,,B2B,,0,0,800,1,1500,2,3000,3,0,,
0002281,"GPM GROUP, MARKETING, D.O.O.",,,,,B2B,,0,0,800,1,1500,2,3000,3,0,,
0002285,UNICOLD d.o.o.,,,,,B2B,,0,0,800,1,1500,2,3000,3,0,,
0002299,Damjan Makovec s.p.,,,,,B2B,,0,0,800,1,1500,2,3000,3,0,,
0002312,FORMA SVETILA d.o.o. dostava,,,,,B2B,0002167|,0,0,800,1,1500,2,3000,3,0,,
0002314,STOJAN KOLAR S.P.,,,,,,,0,0,800,1,1500,2,3000,3,0,,
0002315,VOLTY d.o.o.,,,,,,,0,0,800,1,1500,2,3000,3,0,,
0002324,"EFEKT Krško, d.o.o.",,,,,,0001053|,0,0,800,1,1500,2,3000,3,0,,
0002328,"GRAMAX d.o.o., PE Kočevje",,,,,,0000925|,0,0,800,1,1500,2,3000,3,0,,
0002337,EEA Medved d.o.o.,,,,,,0001053|,0,0,800,1,1500,2,3000,3,0,,
0002339,"INPOS, d.o.o., CELJE SKLADIŠČE VELEPRODAJE-LJUBEČNA",,,,,B2B,0001053|,0,0,800,1,1500,2,3000,3,0,,
0002351,Klara Seating GmbH,,,,,,,0,0,800,1,1500,2,3000,3,0,,
0002360,BIOTHERM d.o.o.,,,,,B2B,,0,0,800,1,1500,2,3000,3,0,,
0002367,PLASTIKA VIRANT d.o.o.,,,,,B2B,,0,0,800,1,1500,2,3000,3,0,,
0002374,Funtrade d.o.o.,,,,,,,0,0,800,1,1500,2,3000,3,0,,
0002376,Elter Vilagitas Kft.,,,,,,,0,0,800,1,1500,2,3000,3,0,,
0002384,ELPRO Križnič d.o.o. SK,,,,,,0001053|,0,0,800,1,1500,2,3000,3,0,,
0002390,CAR LINE Robert Klančar s.p.,,,,,,,0,0,800,1,1500,2,3000,3,0,,
0002393,FTS FRANC TOMAŠIČ S.P.,,,,,B2B,,0,0,800,1,1500,2,3000,3,0,,
0002400,Elter Világítás Kft.,,,,,,,0,0,800,1,1500,2,3000,3,0,,
0002417,"RGD-E d.o.o., Trbovlje",,,,,B2B,0001053|,0,0,800,1,1500,2,3000,3,0,,
0002428,JGZ Brdo,,,,,B2B,,0,0,800,1,1500,2,3000,3,0,,
0002445,IGLUN D.O.O.,,,,,B2C,,0,0,800,1,1500,2,3000,3,0,,
0002462,NEXUM d.o.o.,,,,,,,0,0,800,1,1500,2,3000,3,0,,
0002466,TDR TRADING d.o.o.,,,,,B2B,,0,0,800,1,1500,2,3000,3,0,,
0002515,EURO M d.o.o.,,,,,,,0,0,800,1,1500,2,3000,3,0,,
0002821,MAJ 36 d.o.o.,,,,,,,0,0,800,1,1500,2,3000,3,0,,
0002851,SAM d.o.o. Domžale,,,,,B2B,,0,0,800,1,1500,2,3000,3,0,,
0002876,Urška Gliha Škrjanec s.p.,,,,,,,0,0,800,1,1500,2,3000,3,0,,
0002919,GM PRO d.o.o.,,,,,B2B,,0,0,800,1,1500,2,3000,3,0,,
0002929,Matjaž Palčič s.p.,,,,,B2B,,0,0,800,1,1500,2,3000,3,0,,
1000001,DEJAN SMOLEJ S.P.,,,,,B2B,,0,0,800,1,1500,2,3000,3,0,,
1000018,Echotech Global Diş Ticaret A.,,,,,B2C,,0,0,800,1,1500,2,3000,3,0,,
1000566,Andrej Čelesnik,,,,,,,0,0,800,1,1500,2,3000,3,0,,
1001016,Milan Lukić,,,,,,,0,0,800,1,1500,2,3000,3,0,,
1001128,RM STORITVE Rok Kamin s.p.,,,,,,,0,0,800,1,1500,2,3000,3,0,,
1002220,PEZDIČEK PETER S.P.,,,,,B2B,,0,0,800,1,1500,2,3000,3,0,,
1002258,Igor Isak,,,,,B2B,,0,0,800,1,1500,2,3000,3,0,,
3834,Aleš Jaki,,,,,,,0,0,800,1,1500,2,3000,3,0,,
7950047,MARKO VALENČAK s.p.,,,,,,,0,0,800,1,1500,2,3000,3,0,,
9731328,MATON d.o.o.,,,,,,,0,0,800,1,1500,2,3000,3,0,,
