Šifra artikla,EAN,Cena B2B,Cena B2C,DDV,VID trenutna zaloga,VID naročena količina,VID količina za odpremo,VID razpoložljiva količina,VID naročena količina dobaviteljem,Dobavitelj zaloga,Dobavitelj naročena zaloga,Dobavitelj datum,Skladišče,Rabatna skupina artikla,Rabatna skupina ERP,Popust odprodaje %
F2-PROOF-001,3830000000001,,10,22,,,,,,,,,,SKUPINA,DG,0
NW.203,5903139203999,,,22,,,,,,6,60,06.10.2026,,NOWODVORSKI,NOWODVORSKI,0
NW.205,5903139205993,,,22,,,,,,0,43,24.09.2026,,NOWODVORSKI,NOWODVORSKI,0
NW.206,5903139206990,,,22,,,,,,25,2,28.09.2026,,NOWODVORSKI,NOWODVORSKI,0
NW.3393,5903139339391,50.46,,22,,,,,,,,,,NOWODVORSKI,NOWODVORSKI,0
NW.3394,5903139339490,141.52,,22,,,,,,52,,,,NOWODVORSKI,NOWODVORSKI,0
NW.3401,5903139340199,,,22,,,,,,4923,5000,05.11.2026,,NOWODVORSKI,NOWODVORSKI,0
NW.3402,5903139340298,,,22,,,,,,297,,,,NOWODVORSKI,NOWODVORSKI,0
NW.3403,5903139340397,36.37,,22,,,,,,214,,,,NOWODVORSKI,NOWODVORSKI,0
NW.3404,5903139340496,60.6,,22,,,,,,578,,,,NOWODVORSKI,NOWODVORSKI,0
NW.3405,5903139340595,,,22,,,,,,,,,,NOWODVORSKI,NOWODVORSKI,0
NW.3408,5903139340892,,,22,,,,,,521,,,,NOWODVORSKI,NOWODVORSKI,0
NW.3411,5903139341196,,,22,,,,,,,,,,NOWODVORSKI,NOWODVORSKI,0
NW.3412,5903139341295,25.88,,22,,,,,,826,,,,NOWODVORSKI,NOWODVORSKI,0
NW.4171,5903139417198,,,22,,,,,,40,7,15.09.2026,,NOWODVORSKI,NOWODVORSKI,0
NW.4174,5903139417495,83.52,,22,,,,,,1,10,28.09.2026,,NOWODVORSKI,NOWODVORSKI,0
NW.4387,5903139438797,,,22,,,,,,89,,,,NOWODVORSKI,NOWODVORSKI,0
NW.4418,5903139441896,,,22,,,,,,13,,,,NOWODVORSKI,NOWODVORSKI,0
NW.4420,5903139442091,,,22,,,,,,235,,,,NOWODVORSKI,NOWODVORSKI,0
NW.4421,5903139442190,,,22,,,,,,,,,,NOWODVORSKI,NOWODVORSKI,0
NW.4422,5903139442299,,,22,,,,,,215,200,11.12.2026,,NOWODVORSKI,NOWODVORSKI,0
NW.4423,5903139442398,,,22,,,,,,203,600,11.12.2026,,NOWODVORSKI,NOWODVORSKI,0
NW.4424,5903139442497,,,22,,,,,,682,500,30.11.2026,,NOWODVORSKI,NOWODVORSKI,0
NW.4425,5903139442596,,,22,,,,,,,,,,NOWODVORSKI,NOWODVORSKI,0
NW.4440,5903139444095,,,22,,,,,,,,,,NOWODVORSKI,NOWODVORSKI,0
NW.4443,5903139444392,,,22,,,,,,,,,,NOWODVORSKI,NOWODVORSKI,0
NW.4446,5903139444699,,,22,,,,,,0,371,05.11.2026,,NOWODVORSKI,NOWODVORSKI,0
NW.4448,5903139444897,,,22,,,,,,0,,,,NOWODVORSKI,NOWODVORSKI,0
NW.4453,5903139445399,,,22,,,,,,31,200,05.11.2026,,NOWODVORSKI,NOWODVORSKI,0
NW.4454,5903139445498,,,22,,,,,,0,,,,NOWODVORSKI,NOWODVORSKI,0
NW.4686,5903139468695,,,22,,,,,,229,,,,NOWODVORSKI,NOWODVORSKI,0
NW.4687,5903139468794,,,22,,,,,,132,,,,NOWODVORSKI,NOWODVORSKI,0
NW.4692,5903139469296,,,22,,,,,,279,,,,NOWODVORSKI,NOWODVORSKI,0
NW.4694,5903139469494,,,22,,,,,,41,100,17.11.2026,,NOWODVORSKI,NOWODVORSKI,0
NW.4698,5903139469890,,,22,,,,,,173,102,11.12.2026,,NOWODVORSKI,NOWODVORSKI,0
NW.4906,5903139490696,84.2,,22,,,,,,52,200,26.11.2026,,NOWODVORSKI,NOWODVORSKI,0
NW.4907,5903139490795,,,22,,,,,,331,,,,NOWODVORSKI,NOWODVORSKI,0
NW.4961,5903139496193,,,22,,,,,,19,,,,NOWODVORSKI,NOWODVORSKI,0
NW.4963,5903139496391,,,22,,,,,,13,,,,NOWODVORSKI,NOWODVORSKI,0
NW.5067,5903139506793,,,22,,,,,,14,,,,NOWODVORSKI,NOWODVORSKI,0
NW.5126,5903139512695,,,22,,,,,,,,,,NOWODVORSKI,NOWODVORSKI,0
NW.5255,5903139525596,10.81,,22,,,,,,1546,61,01.10.2026,,NOWODVORSKI,NOWODVORSKI,0
NW.5267,5903139526791,,,22,,,,,,57,,,,NOWODVORSKI,NOWODVORSKI,0
NW.5292,5903139529297,,,22,,,,,,0,265,22.10.2026,,NOWODVORSKI,NOWODVORSKI,0
NW.5294,5903139529495,,,22,,,,,,0,177,22.10.2026,,NOWODVORSKI,NOWODVORSKI,0
NW.5295,5903139529594,,,22,,,,,,,,,,NOWODVORSKI,NOWODVORSKI,0
NW.5296,5903139529693,,,22,,,,,,,,,,NOWODVORSKI,NOWODVORSKI,0
NW.5397,5903139539791,,,22,,,,,,197,1,01.10.2026,,NOWODVORSKI,NOWODVORSKI,0
NW.5398,5903139539890,,,22,,,,,,,,,,NOWODVORSKI,NOWODVORSKI,0
NW.5424,5903139542494,,,22,,,,,,0,,,,NOWODVORSKI,NOWODVORSKI,0
NW.5428,5903139542890,,,22,,,,,,0,,,,NOWODVORSKI,NOWODVORSKI,0
NW.5455,5903139545594,,,22,,,,,,7,50,16.10.2026,,NOWODVORSKI,NOWODVORSKI,0
NW.5463,5903139546393,19.32,,22,,,,,,187,7,01.10.2026,,NOWODVORSKI,NOWODVORSKI,0
NW.5471,5903139547192,22.93,,22,,,,,,0,1,01.10.2026,,NOWODVORSKI,NOWODVORSKI,0
NW.5654,5903139565493,,,22,,,,,,0,23,29.09.2026,,NOWODVORSKI,NOWODVORSKI,0
NW.5844,5903139584494,60.6,,22,,,,,,,,,,NOWODVORSKI,NOWODVORSKI,0
NW.6000,5903139600095,,,22,,,,,,88,100,28.09.2026,,NOWODVORSKI,NOWODVORSKI,0
NW.6006,5903139600699,,,22,,,,,,,,,,NOWODVORSKI,NOWODVORSKI,0
NW.6014,5903139601498,18.02,,22,,,,,,189,,,,NOWODVORSKI,NOWODVORSKI,0
NW.6015,5903139601597,32.44,,22,,,,,,68,2,28.09.2026,,NOWODVORSKI,NOWODVORSKI,0
NW.6016,5903139601696,47.51,,22,,,,,,245,2,01.10.2026,,NOWODVORSKI,NOWODVORSKI,0
NW.6017,5903139601795,60.6,,22,,,,,,43,,,,NOWODVORSKI,NOWODVORSKI,0
NW.6018,5903139601894,18.02,,22,,,,,,238,,,,NOWODVORSKI,NOWODVORSKI,0
NW.6020,5903139602099,32.44,,22,,,,,,514,,,,NOWODVORSKI,NOWODVORSKI,0
NW.6021,5903139602198,47.51,,22,,,,,,481,213,01.10.2026,,NOWODVORSKI,NOWODVORSKI,0
NW.6022,5903139602297,60.6,,22,,,,,,47,,,,NOWODVORSKI,NOWODVORSKI,0
NW.6136,5903139613699,47.51,,22,,,,,,,,,,NOWODVORSKI,NOWODVORSKI,0
NW.6268,5903139626897,,,22,,,,,,0,,,,NOWODVORSKI,NOWODVORSKI,0
NW.6336,5903139633697,,,22,,,,,,41,,,,NOWODVORSKI,NOWODVORSKI,0
NW.6337,5903139633796,,,22,,,,,,201,,,,NOWODVORSKI,NOWODVORSKI,0
NW.6345,5903139634595,,,22,,,,,,34,99,24.09.2026,,NOWODVORSKI,NOWODVORSKI,0
NW.6350,5903139635097,,,22,,,,,,188,,,,NOWODVORSKI,NOWODVORSKI,0
NW.6367,5903139636797,,,22,,,,,,40,,,,NOWODVORSKI,NOWODVORSKI,0
NW.6368,5903139636896,,,22,,,,,,0,9,28.09.2026,,NOWODVORSKI,NOWODVORSKI,0
NW.6390,5903139639095,,,22,,,,,,1,30,24.09.2026,,NOWODVORSKI,NOWODVORSKI,0
NW.6391,5903139639194,,,22,,,,,,0,64,01.10.2026,,NOWODVORSKI,NOWODVORSKI,0
NW.6403,5903139640398,,,22,,,,,,639,,,,NOWODVORSKI,NOWODVORSKI,0
NW.6404,5903139640497,,,22,,,,,,0,,,,NOWODVORSKI,NOWODVORSKI,0
NW.6442,5903139644297,,,22,,,,,,6,10,12.10.2026,,NOWODVORSKI,NOWODVORSKI,0
NW.6443,5903139644396,,,22,,,,,,0,,,,NOWODVORSKI,NOWODVORSKI,0
NW.6444,5903139644495,75.66,,22,,,,,,89,2,28.09.2026,,NOWODVORSKI,NOWODVORSKI,0
NW.6481,5903139648196,,,22,,,,,,51,,,,NOWODVORSKI,NOWODVORSKI,0
NW.6487,5903139648790,,,22,,,,,,36,,,,NOWODVORSKI,NOWODVORSKI,0
NW.6488,5903139648899,,,22,,,,,,23,,,,NOWODVORSKI,NOWODVORSKI,0
NW.6490,5903139649094,,,22,,,,,,30,40,13.10.2026,,NOWODVORSKI,NOWODVORSKI,0
NW.6491,5903139649193,,,22,,,,,,16,,,,NOWODVORSKI,NOWODVORSKI,0
NW.6492,5903139649292,,,22,,,,,,0,,,,NOWODVORSKI,NOWODVORSKI,0
NW.6493,5903139649391,98.94,,22,,,,,,4,,,,NOWODVORSKI,NOWODVORSKI,0
NW.6501,5903139650199,,,22,,,,,,78,100,01.10.2026,,NOWODVORSKI,NOWODVORSKI,0
NW.6502,5903139650298,,,22,,,,,,103,,,,NOWODVORSKI,NOWODVORSKI,0
NW.6503,5903139650397,,,22,,,,,,82,50,06.10.2026,,NOWODVORSKI,NOWODVORSKI,0
NW.6504,5903139650496,,,22,,,,,,0,53,01.10.2026,,NOWODVORSKI,NOWODVORSKI,0
NW.6505,5903139650595,,,22,,,,,,15,20,13.10.2026,,NOWODVORSKI,NOWODVORSKI,0
NW.6506,5903139650694,,,22,,,,,,62,,,,NOWODVORSKI,NOWODVORSKI,0
NW.6512,5903139651295,,,22,,,,,,0,2,24.09.2026,,NOWODVORSKI,NOWODVORSKI,0
NW.6513,5903139651394,,,22,,,,,,0,21,28.09.2026,,NOWODVORSKI,NOWODVORSKI,0
NW.6525,5903139652599,,,22,,,,,,0,68,24.09.2026,,NOWODVORSKI,NOWODVORSKI,0
NW.6526,5903139652698,,,22,,,,,,0,243,28.09.2026,,NOWODVORSKI,NOWODVORSKI,0
NW.6528,5903139652896,27.83,,22,,,,,,46,,,,NOWODVORSKI,NOWODVORSKI,0
NW.6530,5903139653091,,,22,,,,,,1,50,01.10.2026,,NOWODVORSKI,NOWODVORSKI,0
NW.6532,5903139653299,,,22,,,,,,0,18,28.09.2026,,NOWODVORSKI,NOWODVORSKI,0
NW.6541,5903139654197,190.97,,22,,,,,,,,,,NOWODVORSKI,NOWODVORSKI,0
NW.6605,5903139660594,,,22,,,,,,2,20,28.09.2026,,NOWODVORSKI,NOWODVORSKI,0
NW.6607,5903139660792,96.96,,22,,,,,,137,1,28.09.2026,,NOWODVORSKI,NOWODVORSKI,0
NW.6611,5903139661195,,,22,,,,,,134,100,01.10.2026,,NOWODVORSKI,NOWODVORSKI,0
NW.6613,5903139661393,54.71,,22,,,,,,45,1,14.09.2026,,NOWODVORSKI,NOWODVORSKI,0
NW.6640,5903139664097,,,22,,,,,,30,1,28.09.2026,,NOWODVORSKI,NOWODVORSKI,0
NW.6641,5903139664196,,,22,,,,,,17,,,,NOWODVORSKI,NOWODVORSKI,0
NW.6768,5903139676892,,,22,,,,,,13,20,28.09.2026,,NOWODVORSKI,NOWODVORSKI,0
NW.6772,5903139677295,,,22,,,,,,2,20,01.10.2026,,NOWODVORSKI,NOWODVORSKI,0
NW.6773,5903139677394,,,22,,,,,,0,8,29.09.2026,,NOWODVORSKI,NOWODVORSKI,0
NW.6774,5903139677493,,,22,,,,,,7,,,,NOWODVORSKI,NOWODVORSKI,0
NW.6775,5903139677592,,,22,,,,,,,,,,NOWODVORSKI,NOWODVORSKI,0
NW.6776,5903139677691,91.73,,22,,,,,,231,,,,NOWODVORSKI,NOWODVORSKI,0
NW.6785,5903139678599,,,22,,,,,,31,,,,NOWODVORSKI,NOWODVORSKI,0
NW.6788,5903139678896,,,22,,,,,,23,,,,NOWODVORSKI,NOWODVORSKI,0
NW.6792,5903139679299,,,22,,,,,,0,100,05.10.2026,,NOWODVORSKI,NOWODVORSKI,0
NW.6812,5903139681292,,,22,,,,,,0,,,,NOWODVORSKI,NOWODVORSKI,0
NW.6836,5903139683692,10.81,,22,,,,,,1547,18,24.09.2026,,NOWODVORSKI,NOWODVORSKI,0
NW.6837,5903139683791,19.32,,22,,,,,,146,120,16.10.2026,,NOWODVORSKI,NOWODVORSKI,0
NW.6838,5903139683890,,,22,,,,,,179,3,01.10.2026,,NOWODVORSKI,NOWODVORSKI,0
NW.6840,5903139684095,28.18,,22,,,,,,466,,,,NOWODVORSKI,NOWODVORSKI,0
NW.6841,5903139684194,31.11,,22,,,,,,159,200,24.09.2026,,NOWODVORSKI,NOWODVORSKI,0
NW.6842,5903139684293,,,22,,,,,,23,60,21.10.2026,,NOWODVORSKI,NOWODVORSKI,0
NW.6845,5903139684590,170.03,,22,,,,,,0,,,,NOWODVORSKI,NOWODVORSKI,0
NW.6907,5903139690799,,,22,,,,,,717,,,,NOWODVORSKI,NOWODVORSKI,0
NW.6908,5903139690898,37.02,,22,,,,,,460,500,22.10.2026,,NOWODVORSKI,NOWODVORSKI,0
NW.6911,5903139691192,,,22,,,,,,270,200,17.11.2026,,NOWODVORSKI,NOWODVORSKI,0
NW.6913,5903139691390,,,22,,,,,,35,,,,NOWODVORSKI,NOWODVORSKI,0
NW.6948,5903139694896,29.16,,22,,,,,,180,216,28.09.2026,,NOWODVORSKI,NOWODVORSKI,0
NW.6950,5903139695091,,,22,,,,,,155,,,,NOWODVORSKI,NOWODVORSKI,0
NW.6951,5903139695190,,,22,,,,,,,,,,NOWODVORSKI,NOWODVORSKI,0
NW.6976,5903139697699,,,22,,,,,,1633,600,01.01.2027,,NOWODVORSKI,NOWODVORSKI,0
NW.6977,5903139697798,,,22,,,,,,1355,277,01.10.2026,,NOWODVORSKI,NOWODVORSKI,0
NW.6978,5903139697897,,,22,,,,,,1011,715,01.10.2026,,NOWODVORSKI,NOWODVORSKI,0
NW.7017,5903139701792,,,22,,,,,,362,,,,NOWODVORSKI,NOWODVORSKI,0
NW.8794,5903139879491,,,22,,,,,,4,,,,NOWODVORSKI,NOWODVORSKI,0
NW.8796,5903139879699,,,22,,,,,,124,100,16.10.2026,,NOWODVORSKI,NOWODVORSKI,0
NW.8797,5903139879798,24.58,,22,,,,,,405,250,28.09.2026,,NOWODVORSKI,NOWODVORSKI,0
NW.8798,5903139879897,,,22,,,,,,51,,,,NOWODVORSKI,NOWODVORSKI,0
NW.8800,5903139880091,54.06,,22,,,,,,97,,,,NOWODVORSKI,NOWODVORSKI,0
NW.8802,5903139880299,,,22,,,,,,34,,,,NOWODVORSKI,NOWODVORSKI,0
NW.8805,5903139880596,,,22,,,,,,418,20,22.09.2026,,NOWODVORSKI,NOWODVORSKI,0
NW.8816,5903139881692,,,22,,,,,,9,,,,NOWODVORSKI,NOWODVORSKI,0
NW.8817,5903139881791,,,22,,,,,,12,,,,NOWODVORSKI,NOWODVORSKI,0
NW.8818,5903139881890,,,22,,,,,,22,,,,NOWODVORSKI,NOWODVORSKI,0
NW.8819,5903139881999,,,22,,,,,,0,23,21.09.2026,,NOWODVORSKI,NOWODVORSKI,0
NW.8820,5903139882095,,,22,,,,,,4,,,,NOWODVORSKI,NOWODVORSKI,0
NW.8823,5903139882392,,,22,,,,,,14,,,,NOWODVORSKI,NOWODVORSKI,0
NW.8824,5903139882491,,,22,,,,,,0,22,24.09.2026,,NOWODVORSKI,NOWODVORSKI,0
NW.8825,5903139882590,,,22,,,,,,49,,,,NOWODVORSKI,NOWODVORSKI,0
NW.8826,5903139882699,,,22,,,,,,0,9,28.09.2026,,NOWODVORSKI,NOWODVORSKI,0
NW.8834,5903139883498,,,22,,,,,,145,,,,NOWODVORSKI,NOWODVORSKI,0
NW.8835,5903139883597,,,22,,,,,,89,,,,NOWODVORSKI,NOWODVORSKI,0
NW.8836,5903139883696,,,22,,,,,,209,,,,NOWODVORSKI,NOWODVORSKI,0
NW.8837,5903139883795,,,22,,,,,,193,,,,NOWODVORSKI,NOWODVORSKI,0
NW.8838,5903139883894,,,22,,,,,,8,,,,NOWODVORSKI,NOWODVORSKI,0
NW.8841,5903139884198,,,22,,,,,,,,,,NOWODVORSKI,NOWODVORSKI,0
NW.8842,5903139884297,,,22,,,,,,,,,,NOWODVORSKI,NOWODVORSKI,0
NW.8850,5903139885096,,,22,,,,,,,,,,NOWODVORSKI,NOWODVORSKI,0
NW.8851,5903139885195,,,22,,,,,,44,,,,NOWODVORSKI,NOWODVORSKI,0
NW.8857,5903139885799,,,22,,,,,,,,,,NOWODVORSKI,NOWODVORSKI,0
NW.8858,5903139885898,,,22,,,,,,0,6,01.10.2026,,NOWODVORSKI,NOWODVORSKI,0
NW.8863,5903139886390,,,22,,,,,,,,,,NOWODVORSKI,NOWODVORSKI,0
NW.8864,5903139886499,,,22,,,,,,20,,,,NOWODVORSKI,NOWODVORSKI,0
NW.8895,5903139889599,,,22,,,,,,183,324,28.09.2026,,NOWODVORSKI,NOWODVORSKI,0
NW.8896,5903139889698,,,22,,,,,,3,50,01.10.2026,,NOWODVORSKI,NOWODVORSKI,0
NW.8898,5903139889896,,,22,,,,,,0,30,07.10.2026,,NOWODVORSKI,NOWODVORSKI,0
NW.8900,5903139890090,,,22,,,,,,154,200,01.10.2026,,NOWODVORSKI,NOWODVORSKI,0
NW.8901,5903139890199,,,22,,,,,,0,36,28.09.2026,,NOWODVORSKI,NOWODVORSKI,0
NW.8911,5903139891196,18.02,,22,,,,,,294,150,16.10.2026,,NOWODVORSKI,NOWODVORSKI,0
NW.8912,5903139891295,34.72,,22,,,,,,16,80,01.10.2026,,NOWODVORSKI,NOWODVORSKI,0
NW.8913,5903139891394,45.5,,22,,,,,,6,20,06.10.2026,,NOWODVORSKI,NOWODVORSKI,0
NW.8914,5903139891493,,,22,,,,,,47,,,,NOWODVORSKI,NOWODVORSKI,0
NW.8915,5903139891592,,,22,,,,,,22,,,,NOWODVORSKI,NOWODVORSKI,0
NW.8916,5903139891691,,,22,,,,,,24,20,24.09.2026,,NOWODVORSKI,NOWODVORSKI,0
NW.8917,5903139891790,85.91,,22,,,,,,135,,,,NOWODVORSKI,NOWODVORSKI,0
NW.8918,5903139891899,,,22,,,,,,11,,,,NOWODVORSKI,NOWODVORSKI,0
NW.8920,5903139892094,,,22,,,,,,41,30,16.10.2026,,NOWODVORSKI,NOWODVORSKI,0
NW.8921,5903139892193,223.25,,22,,,,,,11,,,,NOWODVORSKI,NOWODVORSKI,0
NW.8922,5903139892292,,,22,,,,,,8,,,,NOWODVORSKI,NOWODVORSKI,0
NW.8923,5903139892391,,,22,,,,,,68,100,28.09.2026,,NOWODVORSKI,NOWODVORSKI,0
NW.8924,5903139892490,,,22,,,,,,47,,,,NOWODVORSKI,NOWODVORSKI,0
NW.8925,5903139892599,19,,22,,,,,,417,250,24.09.2026,,NOWODVORSKI,NOWODVORSKI,0
NW.8926,5903139892698,19,,22,,,,,,773,124,24.09.2026,,NOWODVORSKI,NOWODVORSKI,0
NW.8928,5903139892896,19,,22,,,,,,203,,,,NOWODVORSKI,NOWODVORSKI,0
NW.8930,5903139893091,19,,22,,,,,,1077,31,28.09.2026,,NOWODVORSKI,NOWODVORSKI,0
NW.8931,5903139893190,19,,22,,,,,,1104,100,24.09.2026,,NOWODVORSKI,NOWODVORSKI,0
NW.8932,5903139893299,,,22,,,,,,340,1,28.09.2026,,NOWODVORSKI,NOWODVORSKI,0
NW.8934,5903139893497,,,22,,,,,,0,9,06.10.2026,,NOWODVORSKI,NOWODVORSKI,0
NW.8935,5903139893596,,,22,,,,,,0,18,25.09.2026,,NOWODVORSKI,NOWODVORSKI,0
NW.8936,5903139893695,,,22,,,,,,40,,,,NOWODVORSKI,NOWODVORSKI,0
NW.8937,5903139893794,,,22,,,,,,101,,,,NOWODVORSKI,NOWODVORSKI,0
NW.8938,5903139893893,,,22,,,,,,29,1,22.09.2026,,NOWODVORSKI,NOWODVORSKI,0
NW.8940,5903139894098,,,22,,,,,,18,,,,NOWODVORSKI,NOWODVORSKI,0
NW.8942,5903139894296,,,22,,,,,,91,,,,NOWODVORSKI,NOWODVORSKI,0
NW.8943,5903139894395,,,22,,,,,,52,60,01.10.2026,,NOWODVORSKI,NOWODVORSKI,0
NW.8944,5903139894494,,,22,,,,,,0,26,01.10.2026,,NOWODVORSKI,NOWODVORSKI,0
NW.8945,5903139894593,,,22,,,,,,62,60,16.10.2026,,NOWODVORSKI,NOWODVORSKI,0
NW.8946,5903139894692,,,22,,,,,,4,10,06.10.2026,,NOWODVORSKI,NOWODVORSKI,0
NW.8947,5903139894791,,,22,,,,,,26,20,01.10.2026,,NOWODVORSKI,NOWODVORSKI,0
NW.8948,5903139894890,,,22,,,,,,9,,,,NOWODVORSKI,NOWODVORSKI,0
NW.8950,5903139895095,,,22,,,,,,21,,,,NOWODVORSKI,NOWODVORSKI,0
NW.8952,5903139895293,,,22,,,,,,67,60,24.09.2026,,NOWODVORSKI,NOWODVORSKI,0
NW.8953,5903139895392,,,22,,,,,,125,,,,NOWODVORSKI,NOWODVORSKI,0
NW.8954,5903139895491,,,22,,,,,,24,30,21.10.2026,,NOWODVORSKI,NOWODVORSKI,0
NW.8955,5903139895590,,,22,,,,,,8,120,01.10.2026,,NOWODVORSKI,NOWODVORSKI,0
NW.8956,5903139895699,,,22,,,,,,,,,,NOWODVORSKI,NOWODVORSKI,0
NW.8957,5903139895798,,,22,,,,,,13,60,01.10.2026,,NOWODVORSKI,NOWODVORSKI,0
NW.8958,5903139895897,,,22,,,,,,0,33,28.09.2026,,NOWODVORSKI,NOWODVORSKI,0
NW.8960,5903139896092,,,22,,,,,,12,11,28.09.2026,,NOWODVORSKI,NOWODVORSKI,0
NW.8962,5903139896290,,,22,,,,,,22,,,,NOWODVORSKI,NOWODVORSKI,0
NW.8967,5903139896795,,,22,,,,,,113,100,21.12.2026,,NOWODVORSKI,NOWODVORSKI,0
NW.8968,5903139896894,,,22,,,,,,859,,,,NOWODVORSKI,NOWODVORSKI,0
NW.8970,5903139897099,,,22,,,,,,660,,,,NOWODVORSKI,NOWODVORSKI,0
NW.8971,5903139897198,,,22,,,,,,357,,,,NOWODVORSKI,NOWODVORSKI,0
NW.8972,5903139897297,,,22,,,,,,348,,,,NOWODVORSKI,NOWODVORSKI,0
NW.8973,5903139897396,4.77,,22,,,,,,479,300,16.09.2026,,NOWODVORSKI,NOWODVORSKI,0
NW.8974,5903139897495,,,22,,,,,,398,,,,NOWODVORSKI,NOWODVORSKI,0
NW.8975,5903139897594,2.49,,22,,,,,,2364,,,,NOWODVORSKI,NOWODVORSKI,0
NW.8981,5903139898195,,,22,,,,,,0,,,,NOWODVORSKI,NOWODVORSKI,0
NW.8982,5903139898294,,,22,,,,,,0,,,,NOWODVORSKI,NOWODVORSKI,0
NW.8991,5903139899192,,,22,,,,,,,,,,NOWODVORSKI,NOWODVORSKI,0
NW.8992,5903139899291,,,22,,,,,,0,,,,NOWODVORSKI,NOWODVORSKI,0
NW.8993,5903139899390,,,22,,,,,,229,,,,NOWODVORSKI,NOWODVORSKI,0
NW.8994,5903139899499,,,22,,,,,,,,,,NOWODVORSKI,NOWODVORSKI,0
NW.8995,5903139899598,,,22,,,,,,147,600,06.10.2026,,NOWODVORSKI,NOWODVORSKI,0
NW.8996,5903139899697,,,22,,,,,,1159,500,17.11.2026,,NOWODVORSKI,NOWODVORSKI,0
NW.8997,5903139899796,,,22,,,,,,271,200,25.09.2026,,NOWODVORSKI,NOWODVORSKI,0
NW.8998,5903139899895,,,22,,,,,,532,500,17.11.2026,,NOWODVORSKI,NOWODVORSKI,0
NW.9000,5903139900096,,,22,,,,,,368,,,,NOWODVORSKI,NOWODVORSKI,0
NW.9001,5903139900195,42.36,,22,,,,,,292,400,17.11.2026,,NOWODVORSKI,NOWODVORSKI,0
NW.9002,5903139900294,,,22,,,,,,661,,,,NOWODVORSKI,NOWODVORSKI,0
NW.9003,5903139900393,,,22,,,,,,165,200,25.09.2026,,NOWODVORSKI,NOWODVORSKI,0
NW.9004,5903139900492,,,22,,,,,,,,,,NOWODVORSKI,NOWODVORSKI,0
NW.9005,5903139900591,,,22,,,,,,0,178,28.09.2026,,NOWODVORSKI,NOWODVORSKI,0
NW.9006,5903139900690,,,22,,,,,,23,,,,NOWODVORSKI,NOWODVORSKI,0
NW.9007,5903139900799,,,22,,,,,,168,200,25.09.2026,,NOWODVORSKI,NOWODVORSKI,0
NW.9012,5903139901291,,,22,,,,,,917,,,,NOWODVORSKI,NOWODVORSKI,0
NW.9013,5903139901390,,,22,,,,,,236,200,21.12.2026,,NOWODVORSKI,NOWODVORSKI,0
NW.9014,5903139901499,,,22,,,,,,176,200,21.12.2026,,NOWODVORSKI,NOWODVORSKI,0
NW.9015,5903139901598,,,22,,,,,,576,500,03.11.2026,,NOWODVORSKI,NOWODVORSKI,0
NW.9018,5903139901895,,,22,,,,,,212,,,,NOWODVORSKI,NOWODVORSKI,0
NW.9021,5903139902199,,,22,,,,,,3,,,,NOWODVORSKI,NOWODVORSKI,0
NW.9022,5903139902298,,,22,,,,,,29,,,,NOWODVORSKI,NOWODVORSKI,0
NW.9023,5903139902397,,,22,,,,,,7,,,,NOWODVORSKI,NOWODVORSKI,0
NW.9024,5903139902496,255.17,,22,,,,,,5,6,21.09.2026,,NOWODVORSKI,NOWODVORSKI,0
NW.9025,5903139902595,,,22,,,,,,16,,,,NOWODVORSKI,NOWODVORSKI,0
NW.9026,5903139902694,,,22,,,,,,3,8,21.09.2026,,NOWODVORSKI,NOWODVORSKI,0
NW.9028,5903139902892,,,22,,,,,,44,,,,NOWODVORSKI,NOWODVORSKI,0
NW.9033,5903139903394,,,22,,,,,,0,,,,NOWODVORSKI,NOWODVORSKI,0
NW.9045,5903139904599,,,22,,,,,,140,,,,NOWODVORSKI,NOWODVORSKI,0
NW.9046,5903139904698,,,22,,,,,,18,,,,NOWODVORSKI,NOWODVORSKI,0
NW.9047,5903139904797,,,22,,,,,,9,,,,NOWODVORSKI,NOWODVORSKI,0
NW.9054,5903139905497,,,22,,,,,,16,,,,NOWODVORSKI,NOWODVORSKI,0
NW.9056,5903139905695,,,22,,,,,,36,,,,NOWODVORSKI,NOWODVORSKI,0
NW.9057,5903139905794,,,22,,,,,,23,,,,NOWODVORSKI,NOWODVORSKI,0
NW.9058,5903139905893,,,22,,,,,,57,,,,NOWODVORSKI,NOWODVORSKI,0
NW.9060,5903139906098,,,22,,,,,,46,,,,NOWODVORSKI,NOWODVORSKI,0
NW.9067,5903139906791,35.45,,22,,,,,,18,60,28.09.2026,,NOWODVORSKI,NOWODVORSKI,0
NW.9068,5903139906890,,,22,,,,,,288,78,28.09.2026,,NOWODVORSKI,NOWODVORSKI,0
NW.9070,5903139907095,,,22,,,,,,305,50,14.09.2026,,NOWODVORSKI,NOWODVORSKI,0
NW.9071,5903139907194,,,22,,,,,,90,,,,NOWODVORSKI,NOWODVORSKI,0
NW.9072,5903139907293,,,22,,,,,,0,20,21.09.2026,,NOWODVORSKI,NOWODVORSKI,0
NW.9076,5903139907699,,,22,,,,,,0,,,,NOWODVORSKI,NOWODVORSKI,0
NW.9084,5903139908498,,,22,,,,,,8,10,28.09.2026,,NOWODVORSKI,NOWODVORSKI,0
NW.9091,5903139909198,,,22,,,,,,27,,,,NOWODVORSKI,NOWODVORSKI,0
NW.9126,5903139912693,,,22,,,,,,7,7,14.09.2026,,NOWODVORSKI,NOWODVORSKI,0
NW.9131,5903139913195,,,22,,,,,,0,10,05.10.2026,,NOWODVORSKI,NOWODVORSKI,0
NW.9132,5903139913294,,,22,,,,,,5,40,05.10.2026,,NOWODVORSKI,NOWODVORSKI,0
NW.9138,5903139913898,,,22,,,,,,0,9,28.09.2026,,NOWODVORSKI,NOWODVORSKI,0
NW.9140,5903139914093,,,22,,,,,,5,10,28.09.2026,,NOWODVORSKI,NOWODVORSKI,0
NW.9142,5903139914291,,,22,,,,,,0,5,05.10.2026,,NOWODVORSKI,NOWODVORSKI,0
NW.9143,5903139914390,,,22,,,,,,0,,,,NOWODVORSKI,NOWODVORSKI,0
NW.9145,5903139914598,,,22,,,,,,12,7,14.09.2026,,NOWODVORSKI,NOWODVORSKI,0
NW.9146,5903139914697,,,22,,,,,,0,,,,NOWODVORSKI,NOWODVORSKI,0
NW.9150,5903139915090,,,22,,,,,,16,1,14.09.2026,,NOWODVORSKI,NOWODVORSKI,0
NW.9151,5903139915199,,,22,,,,,,18,2,21.09.2026,,NOWODVORSKI,NOWODVORSKI,0
NW.9152,5903139915298,,,22,,,,,,,,,,NOWODVORSKI,NOWODVORSKI,0
NW.9153,5903139915397,,,22,,,,,,46,,,,NOWODVORSKI,NOWODVORSKI,0
NW.9154,5903139915496,,,22,,,,,,14,100,16.10.2026,,NOWODVORSKI,NOWODVORSKI,0
NW.9155,5903139915595,,,22,,,,,,,,,,NOWODVORSKI,NOWODVORSKI,0
NW.9186,5903139918695,,,22,,,,,,171,,,,NOWODVORSKI,NOWODVORSKI,0
NW.9187,5903139918794,,,22,,,,,,65,100,21.12.2026,,NOWODVORSKI,NOWODVORSKI,0
NW.9188,5903139918893,,,22,,,,,,70,,,,NOWODVORSKI,NOWODVORSKI,0
NW.9190,5903139919098,,,22,,,,,,214,,,,NOWODVORSKI,NOWODVORSKI,0
NW.9192,5903139919296,,,22,,,,,,27,,,,NOWODVORSKI,NOWODVORSKI,0
NW.9237,5903139923798,,,22,,,,,,17,,,,NOWODVORSKI,NOWODVORSKI,0
NW.9238,5903139923897,17.7,,22,,,,,,178,21,28.09.2026,,NOWODVORSKI,NOWODVORSKI,0
NW.9240,5903139924092,,,22,,,,,,13,,,,NOWODVORSKI,NOWODVORSKI,0
NW.9241,5903139924191,,,22,,,,,,47,,,,NOWODVORSKI,NOWODVORSKI,0
NW.9244,5903139924498,,,22,,,,,,278,,,,NOWODVORSKI,NOWODVORSKI,0
NW.9245,5903139924597,34.36,,22,,,,,,46,,,,NOWODVORSKI,NOWODVORSKI,0
NW.9252,5903139925297,,,22,,,,,,99,60,21.09.2026,,NOWODVORSKI,NOWODVORSKI,0
NW.9261,5903139926195,,,22,,,,,,32,,,,NOWODVORSKI,NOWODVORSKI,0
NW.9263,5903139926393,,,22,,,,,,25,,,,NOWODVORSKI,NOWODVORSKI,0
NW.9264,5903139926492,,,22,,,,,,15,5,14.09.2026,,NOWODVORSKI,NOWODVORSKI,0
NW.9266,5903139926690,,,22,,,,,,21,1,14.09.2026,,NOWODVORSKI,NOWODVORSKI,0
NW.9301,5903139930192,,,22,,,,,,0,,,,NOWODVORSKI,NOWODVORSKI,0
NW.9302,5903139930291,,,22,,,,,,0,,,,NOWODVORSKI,NOWODVORSKI,0
NW.9303,5903139930390,,,22,,,,,,0,,,,NOWODVORSKI,NOWODVORSKI,0
NW.9317,5903139931793,,,22,,,,,,,,,,NOWODVORSKI,NOWODVORSKI,0
NW.9320,5903139932097,,,22,,,,,,,,,,NOWODVORSKI,NOWODVORSKI,0
NW.9321,5903139932196,,,22,,,,,,447,200,01.10.2026,,NOWODVORSKI,NOWODVORSKI,0
NW.9322,5903139932295,23.71,,22,,,,,,886,550,01.10.2026,,NOWODVORSKI,NOWODVORSKI,0
NW.9324,5903139932493,,,22,,,,,,48,,,,NOWODVORSKI,NOWODVORSKI,0
NW.9325,5903139932592,,,22,,,,,,75,,,,NOWODVORSKI,NOWODVORSKI,0
NW.9337,5903139933797,,,22,,,,,,88,4,01.10.2026,,NOWODVORSKI,NOWODVORSKI,0
NW.9338,5903139933896,,,22,,,,,,207,100,13.10.2026,,NOWODVORSKI,NOWODVORSKI,0
NW.9342,5903139934299,,,22,,,,,,918,1000,13.11.2026,,NOWODVORSKI,NOWODVORSKI,0
NW.9343,5903139934398,,,22,,,,,,1229,,,,NOWODVORSKI,NOWODVORSKI,0
NW.9344,5903139934497,,,22,,,,,,4705,,,,NOWODVORSKI,NOWODVORSKI,0
NW.9345,5903139934596,,,22,,,,,,2588,,,,NOWODVORSKI,NOWODVORSKI,0
NW.9353,5903139935395,,,22,,,,,,,,,,NOWODVORSKI,NOWODVORSKI,0
NW.9362,5903139936293,,,22,,,,,,6,,,,NOWODVORSKI,NOWODVORSKI,0
NW.9363,5903139936392,,,22,,,,,,26,,,,NOWODVORSKI,NOWODVORSKI,0
NW.9364,5903139936491,,,22,,,,,,5,2,14.09.2026,,NOWODVORSKI,NOWODVORSKI,0
NW.9374,5903139937498,,,22,,,,,,,,,,NOWODVORSKI,NOWODVORSKI,0
NW.9375,5903139937597,,,22,,,,,,0,,,,NOWODVORSKI,NOWODVORSKI,0
NW.9377,5903139937795,,,22,,,,,,36,,,,NOWODVORSKI,NOWODVORSKI,0
NW.9378,5903139937894,,,22,,,,,,84,150,28.09.2026,,NOWODVORSKI,NOWODVORSKI,0
NW.9381,5903139938198,,,22,,,,,,36,,,,NOWODVORSKI,NOWODVORSKI,0
NW.9382,5903139938297,,,22,,,,,,23,,,,NOWODVORSKI,NOWODVORSKI,0
NW.9383,5903139938396,54.71,,22,,,,,,,,,,NOWODVORSKI,NOWODVORSKI,0
NW.9384,5903139938495,,,22,,,,,,25,,,,NOWODVORSKI,NOWODVORSKI,0
NW.9385,5903139938594,,,22,,,,,,56,,,,NOWODVORSKI,NOWODVORSKI,0
NW.9387,5903139938792,,,22,,,,,,49,50,12.10.2026,,NOWODVORSKI,NOWODVORSKI,0
NW.9388,5903139938891,,,22,,,,,,50,,,,NOWODVORSKI,NOWODVORSKI,0
NW.9392,5903139939294,,,22,,,,,,,,,,NOWODVORSKI,NOWODVORSKI,0
NW.9396,5903139939690,,,22,,,,,,1,,,,NOWODVORSKI,NOWODVORSKI,0
NW.9403,5903139940399,,,22,,,,,,116,,,,NOWODVORSKI,NOWODVORSKI,0
NW.9404,5903139940498,,,22,,,,,,62,,,,NOWODVORSKI,NOWODVORSKI,0
NW.9407,5903139940795,,,22,,,,,,21,,,,NOWODVORSKI,NOWODVORSKI,0
NW.9408,5903139940894,,,22,,,,,,52,,,,NOWODVORSKI,NOWODVORSKI,0
NW.9412,5903139941297,,,22,,,,,,108,,,,NOWODVORSKI,NOWODVORSKI,0
NW.9413,5903139941396,,,22,,,,,,132,,,,NOWODVORSKI,NOWODVORSKI,0
NW.9416,5903139941693,,,22,,,,,,23,,,,NOWODVORSKI,NOWODVORSKI,0
NW.9417,5903139941792,,,22,,,,,,332,4,01.10.2026,,NOWODVORSKI,NOWODVORSKI,0
NW.9420,5903139942096,,,22,,,,,,4,20,05.10.2026,,NOWODVORSKI,NOWODVORSKI,0
NW.9426,5903139942690,,,22,,,,,,,,,,NOWODVORSKI,NOWODVORSKI,0
NW.9448,5903139944892,14.96,,22,,,,,,3873,1000,23.11.2026,,NOWODVORSKI,NOWODVORSKI,0
NW.9450,5903139945097,,,22,,,,,,3257,,,,NOWODVORSKI,NOWODVORSKI,0
NW.9451,5903139945196,29.62,,22,,,,,,2508,2000,03.11.2026,,NOWODVORSKI,NOWODVORSKI,0
NW.9452,5903139945295,29.62,,22,,,,,,10793,,,,NOWODVORSKI,NOWODVORSKI,0
NW.9453,5903139945394,,,22,,,,,,4201,1000,03.11.2026,,NOWODVORSKI,NOWODVORSKI,0
NW.9454,5903139945493,,,22,,,,,,2112,1000,21.12.2026,,NOWODVORSKI,NOWODVORSKI,0
NW.9455,5903139945592,4.5,,22,,,,,,2279,1000,21.12.2026,,NOWODVORSKI,NOWODVORSKI,0
NW.9456,5903139945691,,,22,,,,,,1168,600,21.12.2026,,NOWODVORSKI,NOWODVORSKI,0
NW.9457,5903139945790,,,22,,,,,,4535,2000,16.09.2026,,NOWODVORSKI,NOWODVORSKI,0
NW.9458,5903139945899,2.63,,22,,,,,,7304,2000,03.11.2026,,NOWODVORSKI,NOWODVORSKI,0
NW.9460,5903139946094,,,22,,,,,,3732,,,,NOWODVORSKI,NOWODVORSKI,0
NW.9461,5903139946193,,,22,,,,,,1103,,,,NOWODVORSKI,NOWODVORSKI,0
NW.9462,5903139946292,,,22,,,,,,1922,1000,03.11.2026,,NOWODVORSKI,NOWODVORSKI,0
NW.9463,5903139946391,4.23,,22,,,,,,6571,1000,23.11.2026,,NOWODVORSKI,NOWODVORSKI,0
NW.9470,5903139947091,,,22,,,,,,0,,,,NOWODVORSKI,NOWODVORSKI,0
NW.9482,5903139948296,22.6,,22,,,,,,309,300,28.09.2026,,NOWODVORSKI,NOWODVORSKI,0
NW.9486,5903139948692,22.6,,22,,,,,,25,,,,NOWODVORSKI,NOWODVORSKI,0
NW.9490,5903139949095,,,22,,,,,,,,,,NOWODVORSKI,NOWODVORSKI,0
NW.9491,5903139949194,,,22,,,,,,,,,,NOWODVORSKI,NOWODVORSKI,0
NW.9495,5903139949590,,,22,,,,,,0,,,,NOWODVORSKI,NOWODVORSKI,0
NW.9500,5903139950091,,,22,,,,,,,,,,NOWODVORSKI,NOWODVORSKI,0
NW.9501,5903139950190,,,22,,,,,,98,,,,NOWODVORSKI,NOWODVORSKI,0
NW.9505,5903139950596,38.97,,22,,,,,,0,163,28.09.2026,,NOWODVORSKI,NOWODVORSKI,0
NW.9507,5903139950794,90.41,,22,,,,,,235,200,17.11.2026,,NOWODVORSKI,NOWODVORSKI,0
NW.9508,5903139950893,94.66,,22,,,,,,140,200,17.11.2026,,NOWODVORSKI,NOWODVORSKI,0
NW.9513,5903139951395,,,22,,,,,,168,,,,NOWODVORSKI,NOWODVORSKI,0
NW.9514,5903139951494,88.45,,22,,,,,,290,,,,NOWODVORSKI,NOWODVORSKI,0
NW.9515,5903139951593,,,22,,,,,,,,,,NOWODVORSKI,NOWODVORSKI,0
NW.9516,5903139951692,,,22,,,,,,0,,,,NOWODVORSKI,NOWODVORSKI,0
NW.9517,5903139951791,,,22,,,,,,600,500,05.11.2026,,NOWODVORSKI,NOWODVORSKI,0
NW.9518,5903139951890,,,22,,,,,,627,,,,NOWODVORSKI,NOWODVORSKI,0
NW.9551,5903139955195,28.83,,22,,,,,,88,200,10.11.2026,,NOWODVORSKI,NOWODVORSKI,0
NW.9554,5903139955492,38.97,,22,,,,,,718,501,10.11.2026,,NOWODVORSKI,NOWODVORSKI,0
NW.9555,5903139955591,26.86,,22,,,,,,0,155,15.10.2026,,NOWODVORSKI,NOWODVORSKI,0
NW.9557,5903139955799,,,22,,,,,,,,,,NOWODVORSKI,NOWODVORSKI,0
NW.9561,5903139956192,,,22,,,,,,0,143,15.10.2026,,NOWODVORSKI,NOWODVORSKI,0
NW.9562,5903139956291,,,22,,,,,,0,123,20.10.2026,,NOWODVORSKI,NOWODVORSKI,0
NW.9563,5903139956390,,,22,,,,,,52,,,,NOWODVORSKI,NOWODVORSKI,0
NW.9564,5903139956499,41.27,,22,,,,,,567,,,,NOWODVORSKI,NOWODVORSKI,0
NW.9565,5903139956598,,,22,,,,,,780,,,,NOWODVORSKI,NOWODVORSKI,0
NW.9570,5903139957090,,,22,,,,,,336,,,,NOWODVORSKI,NOWODVORSKI,0
NW.9571,5903139957199,,,22,,,,,,197,,,,NOWODVORSKI,NOWODVORSKI,0
NW.9574,5903139957496,50.46,,22,,,,,,287,,,,NOWODVORSKI,NOWODVORSKI,0
NW.9575,5903139957595,,,22,,,,,,103,500,12.10.2026,,NOWODVORSKI,NOWODVORSKI,0
NW.9592,5903139959292,,,22,,,,,,,,,,NOWODVORSKI,NOWODVORSKI,0
NW.9593,5903139959391,,,22,,,,,,,,,,NOWODVORSKI,NOWODVORSKI,0
NW.9594,5903139959490,,,22,,,,,,,,,,NOWODVORSKI,NOWODVORSKI,0
NW.9595,5903139959599,,,22,,,,,,,,,,NOWODVORSKI,NOWODVORSKI,0
NW.9605,5903139960595,,,22,,,,,,158,,,,NOWODVORSKI,NOWODVORSKI,0
NW.9606,5903139960694,,,22,,,,,,24,40,16.10.2026,,NOWODVORSKI,NOWODVORSKI,0
NW.9607,5903139960793,,,22,,,,,,48,200,01.01.2027,,NOWODVORSKI,NOWODVORSKI,0
NW.9672,5903139967297,,,22,,,,,,36,60,16.10.2026,,NOWODVORSKI,NOWODVORSKI,0
NW.9673,5903139967396,,,22,,,,,,35,104,16.10.2026,,NOWODVORSKI,NOWODVORSKI,0
NW.9675,5903139967594,,,22,,,,,,4,10,28.09.2026,,NOWODVORSKI,NOWODVORSKI,0
NW.9677,5903139967792,,,22,,,,,,8,10,05.10.2026,,NOWODVORSKI,NOWODVORSKI,0
NW.9680,5903139968096,,,22,,,,,,7,,,,NOWODVORSKI,NOWODVORSKI,0
NW.9682,5903139968294,113.01,,22,,,,,,29,,,,NOWODVORSKI,NOWODVORSKI,0
NW.9683,5903139968393,76.99,,22,,,,,,0,,,,NOWODVORSKI,NOWODVORSKI,0
NW.9684,5903139968492,,,22,,,,,,13,,,,NOWODVORSKI,NOWODVORSKI,0
NW.9687,5903139968799,50.79,,22,,,,,,57,50,01.10.2026,,NOWODVORSKI,NOWODVORSKI,0
NW.9700,5903139970099,45.53,,22,,,,,,12,,,,NOWODVORSKI,NOWODVORSKI,0
NW.9704,5903139970495,,,22,,,,,,,,,,NOWODVORSKI,NOWODVORSKI,0
NW.9705,5903139970594,,,22,,,,,,292,2,28.09.2026,,NOWODVORSKI,NOWODVORSKI,0
NW.9706,5903139970693,,,22,,,,,,145,1,22.09.2026,,NOWODVORSKI,NOWODVORSKI,0
NW.9707,5903139970792,,,22,,,,,,226,149,24.09.2026,,NOWODVORSKI,NOWODVORSKI,0
NW.9708,5903139970891,,,22,,,,,,548,73,28.09.2026,,NOWODVORSKI,NOWODVORSKI,0
NW.9710,5903139971096,,,22,,,,,,838,1,01.10.2026,,NOWODVORSKI,NOWODVORSKI,0
NW.9711,5903139971195,,,22,,,,,,47,,,,NOWODVORSKI,NOWODVORSKI,0
NW.9712,5903139971294,,,22,,,,,,37,,,,NOWODVORSKI,NOWODVORSKI,0
NW.9713,5903139971393,,,22,,,,,,46,,,,NOWODVORSKI,NOWODVORSKI,0
NW.9714,5903139971492,,,22,,,,,,11,64,22.09.2026,,NOWODVORSKI,NOWODVORSKI,0
NW.9715,5903139971591,,,22,,,,,,89,100,01.01.2027,,NOWODVORSKI,NOWODVORSKI,0
NW.9717,5903139971799,,,22,,,,,,0,,,,NOWODVORSKI,NOWODVORSKI,0
NW.9736,5903139973694,,,22,,,,,,36,11,21.09.2026,,NOWODVORSKI,NOWODVORSKI,0
NW.9737,5903139973793,,,22,,,,,,0,7,14.09.2026,,NOWODVORSKI,NOWODVORSKI,0
NW.9738,5903139973892,,,22,,,,,,0,,,,NOWODVORSKI,NOWODVORSKI,0
NW.9740,5903139974097,,,22,,,,,,0,,,,NOWODVORSKI,NOWODVORSKI,0
NW.9743,5903139974394,,,22,,,,,,16,3,14.09.2026,,NOWODVORSKI,NOWODVORSKI,0
NW.9744,5903139974493,89.1,,22,,,,,,25,,,,NOWODVORSKI,NOWODVORSKI,0
NW.9747,5903139974790,,,22,,,,,,0,,,,NOWODVORSKI,NOWODVORSKI,0
NW.9751,5903139975193,,,22,,,,,,94,100,01.01.2027,,NOWODVORSKI,NOWODVORSKI,0
NW.9890,5903139989091,,,22,,,,,,8,30,01.10.2026,,NOWODVORSKI,NOWODVORSKI,0
